lat,lon,temp,precip,grass,forest,barren,water,class
36.2,93.7,-1.4258769750595093,157.84210205078125,0,0,1,0,7
36.2,93.85000000000001,-1.4258769750595093,157.84210205078125,1,0,0,0,4
36.2,94.00000000000001,0.4236842095851898,132.4368438720703,0,0,1,0,7
36.2,94.15000000000002,0.4236842095851898,132.4368438720703,0,0,1,0,7
36.2,94.30000000000003,0.4236842095851898,132.4368438720703,0,0,1,0,7
36.2,94.45000000000003,0.4236842095851898,132.4368438720703,0,0,1,0,7
36.2,94.60000000000004,3.103070020675659,93.4000015258789,0,0,1,0,7
36.2,94.75000000000004,3.103070020675659,93.4000015258789,0,0,1,0,7
36.2,94.90000000000005,3.103070020675659,93.4000015258789,0,0,1,0,7
36.2,95.05000000000005,1.868421196937561,137.75790405273438,0,0,1,0,7
36.2,95.20000000000006,1.868421196937561,137.75790405273438,0,0,1,0,7
36.2,95.35000000000007,1.868421196937561,137.75790405273438,0,0,1,0,7
36.2,95.50000000000007,2.2008774280548096,147.27894592285156,0,0,1,0,7
36.2,95.65000000000008,2.2008774280548096,147.27894592285156,0,0,1,0,7
36.2,95.80000000000008,2.2008774280548096,147.27894592285156,0,0,1,0,7
36.2,95.95000000000009,2.2008774280548096,147.27894592285156,0,0,1,0,7
36.2,96.1000000000001,2.0184214115142822,160.8894500732422,0,0,1,0,7
36.2,96.2500000000001,2.0184214115142822,160.8894500732422,0,0,1,0,7
36.2,96.4000000000001,2.0184214115142822,160.8894500732422,0,0,1,0,7
36.2,96.55000000000011,3.499561071395874,163.4578857421875,0,0,1,0,7
36.2,96.70000000000012,3.499561071395874,163.4578857421875,0,0,1,0,7
36.2,96.85000000000012,3.499561071395874,163.4578857421875,0,0,1,0,7
36.2,97.00000000000013,5.456140518188477,179.2315673828125,0,0,1,0,7
36.2,97.15000000000013,5.456140518188477,179.2315673828125,0,0,1,0,7
36.2,97.30000000000014,5.456140518188477,179.2315673828125,1,0,0,0,4
36.2,97.45000000000014,5.456140518188477,179.2315673828125,1,0,0,0,4
36.2,97.60000000000015,5.3662285804748535,215.63157653808594,0,0,1,0,7
36.2,97.75000000000016,5.3662285804748535,215.63157653808594,0,0,1,0,7
36.2,97.90000000000016,5.3662285804748535,215.63157653808594,1,0,0,0,4
36.2,98.05000000000017,1.8412282466888428,272.942138671875,1,0,0,0,4
36.2,98.20000000000017,1.8412282466888428,272.942138671875,1,0,0,0,4
36.2,98.35000000000018,1.8412282466888428,272.942138671875,1,0,0,0,4
36.2,98.50000000000018,-2.7543864250183105,359.2420959472656,1,0,0,0,4
36.2,98.65000000000019,-2.7543864250183105,359.2420959472656,0,0,1,0,7
36.2,98.8000000000002,-2.7543864250183105,359.2420959472656,0,0,1,0,7
36.2,98.9500000000002,-2.7543864250183105,359.2420959472656,1,0,0,0,4
36.2,99.10000000000021,-1.5127193927764893,372.7105407714844,1,0,0,0,4
36.2,99.25000000000021,-1.5127193927764893,372.7105407714844,1,0,0,0,4
36.2,99.40000000000022,-1.5127193927764893,372.7105407714844,1,0,0,0,4
36.2,99.55000000000022,1.64078950881958,364.6368713378906,1,0,0,0,4
36.2,99.70000000000023,1.64078950881958,364.6368713378906,1,0,0,0,4
36.2,99.85000000000024,1.64078950881958,364.6368713378906,1,0,0,0,4
36.2,100.00000000000024,2.653947353363037,382.6368408203125,1,0,0,0,4
36.2,100.15000000000025,2.653947353363037,382.6368408203125,1,0,0,0,4
36.2,100.30000000000025,2.653947353363037,382.6368408203125,0,0,1,0,7
36.2,100.45000000000026,2.653947353363037,382.6368408203125,0,0,1,0,7
36.2,100.60000000000026,2.7223682403564453,408.87896728515625,1,0,0,0,4
36.2,100.75000000000027,2.7223682403564453,408.87896728515625,1,0,0,0,4
36.2,100.90000000000028,2.7223682403564453,408.87896728515625,1,0,0,0,4
36.2,101.05000000000028,1.5048246383666992,465.6263427734375,1,0,0,0,4
36.2,101.20000000000029,1.5048246383666992,465.6263427734375,1,0,0,0,4
36.2,101.35000000000029,1.5048246383666992,465.6263427734375,1,0,0,0,4
36.2,101.5000000000003,3.6627197265625,451.3947448730469,1,0,0,0,4
36.2,101.6500000000003,3.6627197265625,451.3947448730469,1,0,0,0,4
36.2,101.80000000000031,3.6627197265625,451.3947448730469,1,0,0,0,4
36.2,101.95000000000032,3.6627197265625,451.3947448730469,1,0,0,0,4
36.2,102.10000000000032,3.5885965824127197,468.00006103515625,0,0,0,0,1
36.2,102.25000000000033,3.5885965824127197,468.00006103515625,1,0,0,0,4
36.2,102.40000000000033,3.5885965824127197,468.00006103515625,1,0,0,0,4
36.2,102.55000000000034,5.9478068351745605,424.368408203125,0,1,0,0,2
36.2,102.70000000000034,5.9478068351745605,424.368408203125,0,0,0,0,1
36.2,102.85000000000035,5.9478068351745605,424.368408203125,1,0,0,0,4
36.2,103.00000000000036,7.792983055114746,386.06842041015625,1,0,0,0,4
36.2,103.15000000000036,7.792983055114746,386.06842041015625,0,0,0,0,1
36.2,103.30000000000037,7.792983055114746,386.06842041015625,1,0,0,0,4
36.2,103.45000000000037,7.792983055114746,386.06842041015625,1,0,0,0,4
36.35,93.7,-1.4258769750595093,157.84210205078125,0,0,1,0,7
36.35,93.85000000000001,-1.4258769750595093,157.84210205078125,0,0,1,0,7
36.35,94.00000000000001,0.4236842095851898,132.4368438720703,0,0,1,0,7
36.35,94.15000000000002,0.4236842095851898,132.4368438720703,0,0,1,0,7
36.35,94.30000000000003,0.4236842095851898,132.4368438720703,0,0,1,0,7
36.35,94.45000000000003,0.4236842095851898,132.4368438720703,0,0,1,0,7
36.35,94.60000000000004,3.103070020675659,93.4000015258789,0,0,1,0,7
36.35,94.75000000000004,3.103070020675659,93.4000015258789,0,0,1,0,7
36.35,94.90000000000005,3.103070020675659,93.4000015258789,0,0,1,0,7
36.35,95.05000000000005,1.868421196937561,137.75790405273438,0,0,1,0,7
36.35,95.20000000000006,1.868421196937561,137.75790405273438,0,0,1,0,7
36.35,95.35000000000007,1.868421196937561,137.75790405273438,0,0,1,0,7
36.35,95.50000000000007,2.2008774280548096,147.27894592285156,0,0,1,0,7
36.35,95.65000000000008,2.2008774280548096,147.27894592285156,0,0,1,0,7
36.35,95.80000000000008,2.2008774280548096,147.27894592285156,0,0,1,0,7
36.35,95.95000000000009,2.2008774280548096,147.27894592285156,0,0,1,0,7
36.35,96.1000000000001,2.0184214115142822,160.8894500732422,0,0,1,0,7
36.35,96.2500000000001,2.0184214115142822,160.8894500732422,0,0,1,0,7
36.35,96.4000000000001,2.0184214115142822,160.8894500732422,0,0,1,0,7
36.35,96.55000000000011,3.499561071395874,163.4578857421875,0,0,1,0,7
36.35,96.70000000000012,3.499561071395874,163.4578857421875,0,0,1,0,7
36.35,96.85000000000012,3.499561071395874,163.4578857421875,0,0,1,0,7
36.35,97.00000000000013,5.456140518188477,179.2315673828125,1,0,0,0,4
36.35,97.15000000000013,5.456140518188477,179.2315673828125,1,0,0,0,4
36.35,97.30000000000014,5.456140518188477,179.2315673828125,1,0,0,0,4
36.35,97.45000000000014,5.456140518188477,179.2315673828125,1,0,0,0,4
36.35,97.60000000000015,5.3662285804748535,215.63157653808594,1,0,0,0,4
36.35,97.75000000000016,5.3662285804748535,215.63157653808594,0,0,1,0,7
36.35,97.90000000000016,5.3662285804748535,215.63157653808594,0,0,1,0,7
36.35,98.05000000000017,1.8412282466888428,272.942138671875,0,0,1,0,7
36.35,98.20000000000017,1.8412282466888428,272.942138671875,1,0,0,0,4
36.35,98.35000000000018,1.8412282466888428,272.942138671875,1,0,0,0,4
36.35,98.50000000000018,-2.7543864250183105,359.2420959472656,0,0,1,0,7
36.35,98.65000000000019,-2.7543864250183105,359.2420959472656,1,0,0,0,4
36.35,98.8000000000002,-2.7543864250183105,359.2420959472656,1,0,0,0,4
36.35,98.9500000000002,-2.7543864250183105,359.2420959472656,0,0,1,0,7
36.35,99.10000000000021,-1.5127193927764893,372.7105407714844,1,0,0,0,4
36.35,99.25000000000021,-1.5127193927764893,372.7105407714844,1,0,0,0,4
36.35,99.40000000000022,-1.5127193927764893,372.7105407714844,1,0,0,0,4
36.35,99.55000000000022,1.64078950881958,364.6368713378906,1,0,0,0,4
36.35,99.70000000000023,1.64078950881958,364.6368713378906,1,0,0,0,4
36.35,99.85000000000024,1.64078950881958,364.6368713378906,1,0,0,0,4
36.35,100.00000000000024,2.653947353363037,382.6368408203125,1,0,0,0,4
36.35,100.15000000000025,2.653947353363037,382.6368408203125,1,0,0,0,4
36.35,100.30000000000025,2.653947353363037,382.6368408203125,1,0,0,0,4
36.35,100.45000000000026,2.653947353363037,382.6368408203125,1,0,0,0,4
36.35,100.60000000000026,2.7223682403564453,408.87896728515625,1,0,0,0,4
36.35,100.75000000000027,2.7223682403564453,408.87896728515625,1,0,0,0,4
36.35,100.90000000000028,2.7223682403564453,408.87896728515625,1,0,0,0,4
36.35,101.05000000000028,1.5048246383666992,465.6263427734375,1,0,0,0,4
36.35,101.20000000000029,1.5048246383666992,465.6263427734375,1,0,0,0,4
36.35,101.35000000000029,1.5048246383666992,465.6263427734375,1,0,0,0,4
36.35,101.5000000000003,3.6627197265625,451.3947448730469,1,0,0,0,4
36.35,101.6500000000003,3.6627197265625,451.3947448730469,1,0,0,0,4
36.35,101.80000000000031,3.6627197265625,451.3947448730469,1,0,0,0,4
36.35,101.95000000000032,3.6627197265625,451.3947448730469,1,0,0,0,4
36.35,102.10000000000032,3.5885965824127197,468.00006103515625,1,0,0,0,4
36.35,102.25000000000033,3.5885965824127197,468.00006103515625,1,0,0,0,4
36.35,102.40000000000033,3.5885965824127197,468.00006103515625,1,0,0,0,4
36.35,102.55000000000034,5.9478068351745605,424.368408203125,1,0,0,0,4
36.35,102.70000000000034,5.9478068351745605,424.368408203125,1,0,0,0,4
36.35,102.85000000000035,5.9478068351745605,424.368408203125,1,0,0,0,4
36.35,103.00000000000036,7.792983055114746,386.06842041015625,1,0,0,0,4
36.35,103.15000000000036,7.792983055114746,386.06842041015625,1,0,0,0,4
36.35,103.30000000000037,7.792983055114746,386.06842041015625,1,0,0,0,4
36.35,103.45000000000037,7.792983055114746,386.06842041015625,1,0,0,0,4
36.5,93.7,4.028947353363037,40.3684196472168,0,0,1,0,7
36.5,93.85000000000001,4.028947353363037,40.3684196472168,0,0,1,0,7
36.5,94.00000000000001,5.1798248291015625,36.978946685791016,0,0,1,0,7
36.5,94.15000000000002,5.1798248291015625,36.978946685791016,0,0,1,0,7
36.5,94.30000000000003,5.1798248291015625,36.978946685791016,0,0,1,0,7
36.5,94.45000000000003,5.1798248291015625,36.978946685791016,0,0,1,0,7
36.5,94.60000000000004,5.872807502746582,41.53158187866211,1,0,0,0,4
36.5,94.75000000000004,5.872807502746582,41.53158187866211,1,0,0,0,4
36.5,94.90000000000005,5.872807502746582,41.53158187866211,1,0,0,0,4
36.5,95.05000000000005,6.084649085998535,52.057891845703125,1,0,0,0,4
36.5,95.20000000000006,6.084649085998535,52.057891845703125,1,0,0,0,4
36.5,95.35000000000007,6.084649085998535,52.057891845703125,1,0,0,0,4
36.5,95.50000000000007,6.038597106933594,62.92631530761719,0,0,1,0,7
36.5,95.65000000000008,6.038597106933594,62.92631530761719,1,0,0,0,4
36.5,95.80000000000008,6.038597106933594,62.92631530761719,1,0,0,0,4
36.5,95.95000000000009,6.038597106933594,62.92631530761719,0,0,1,0,7
36.5,96.1000000000001,5.776754379272461,74.01579284667969,0,0,1,0,7
36.5,96.2500000000001,5.776754379272461,74.01579284667969,1,0,0,0,4
36.5,96.4000000000001,5.776754379272461,74.01579284667969,1,0,0,0,4
36.5,96.55000000000011,5.473245620727539,112.50525665283203,0,0,1,0,7
36.5,96.70000000000012,5.473245620727539,112.50525665283203,0,0,1,0,7
36.5,96.85000000000012,5.473245620727539,112.50525665283203,0,0,1,0,7
36.5,97.00000000000013,5.528947353363037,168.15789794921875,0,0,1,0,7
36.5,97.15000000000013,5.528947353363037,168.15789794921875,0,0,1,0,7
36.5,97.30000000000014,5.528947353363037,168.15789794921875,0,0,1,0,7
36.5,97.45000000000014,5.528947353363037,168.15789794921875,0,0,1,0,7
36.5,97.60000000000015,4.034648895263672,221.5210723876953,0,0,1,0,7
36.5,97.75000000000016,4.034648895263672,221.5210723876953,0,0,1,0,7
36.5,97.90000000000016,4.034648895263672,221.5210723876953,0,0,1,0,7
36.5,98.05000000000017,2.6311404705047607,257.0736999511719,1,0,0,0,4
36.5,98.20000000000017,2.6311404705047607,257.0736999511719,1,0,0,0,4
36.5,98.35000000000018,2.6311404705047607,257.0736999511719,1,0,0,0,4
36.5,98.50000000000018,0.8526316285133362,290.6999816894531,1,0,0,0,4
36.5,98.65000000000019,0.8526316285133362,290.6999816894531,1,0,0,0,4
36.5,98.8000000000002,0.8526316285133362,290.6999816894531,1,0,0,0,4
36.5,98.9500000000002,0.8526316285133362,290.6999816894531,1,0,0,0,4
36.5,99.10000000000021,0.9539473652839661,318.2526550292969,1,0,0,0,4
36.5,99.25000000000021,0.9539473652839661,318.2526550292969,1,0,0,0,4
36.5,99.40000000000022,0.9539473652839661,318.2526550292969,1,0,0,0,4
36.5,99.55000000000022,0.8548245429992676,380.4105529785156,0,0,1,0,7
36.5,99.70000000000023,0.8548245429992676,380.4105529785156,1,0,0,0,4
36.5,99.85000000000024,0.8548245429992676,380.4105529785156,1,0,0,0,4
36.5,100.00000000000024,1.1846489906311035,418.1158142089844,1,0,0,0,4
36.5,100.15000000000025,1.1846489906311035,418.1158142089844,1,0,0,0,4
36.5,100.30000000000025,1.1846489906311035,418.1158142089844,1,0,0,0,4
36.5,100.45000000000026,1.1846489906311035,418.1158142089844,1,0,0,0,4
36.5,100.60000000000026,0.7675438523292542,458.5736389160156,1,0,0,0,4
36.5,100.75000000000027,0.7675438523292542,458.5736389160156,1,0,0,0,4
36.5,100.90000000000028,0.7675438523292542,458.5736389160156,1,0,0,0,4
36.5,101.05000000000028,0.7921051979064941,489.84735107421875,1,0,0,0,4
36.5,101.20000000000029,0.7921051979064941,489.84735107421875,1,0,0,0,4
36.5,101.35000000000029,0.7921051979064941,489.84735107421875,1,0,0,0,4
36.5,101.5000000000003,4.060965061187744,454.9842834472656,1,0,0,0,4
36.5,101.6500000000003,4.060965061187744,454.9842834472656,1,0,0,0,4
36.5,101.80000000000031,4.060965061187744,454.9842834472656,1,0,0,0,4
36.5,101.95000000000032,4.060965061187744,454.9842834472656,1,0,0,0,4
36.5,102.10000000000032,1.7201755046844482,480.67901611328125,1,0,0,0,4
36.5,102.25000000000033,1.7201755046844482,480.67901611328125,1,0,0,0,4
36.5,102.40000000000033,1.7201755046844482,480.67901611328125,1,0,0,0,4
36.5,102.55000000000034,3.175877332687378,436.4683837890625,1,0,0,0,4
36.5,102.70000000000034,3.175877332687378,436.4683837890625,1,0,0,0,4
36.5,102.85000000000035,3.175877332687378,436.4683837890625,1,0,0,0,4
36.5,103.00000000000036,5.0065789222717285,376.07891845703125,1,0,0,0,4
36.5,103.15000000000036,5.0065789222717285,376.07891845703125,1,0,0,0,4
36.5,103.30000000000037,5.0065789222717285,376.07891845703125,1,0,0,0,4
36.5,103.45000000000037,5.0065789222717285,376.07891845703125,1,0,0,0,4
36.65,93.7,4.028947353363037,40.3684196472168,0,0,1,0,7
36.65,93.85000000000001,4.028947353363037,40.3684196472168,0,0,1,0,7
36.65,94.00000000000001,5.1798248291015625,36.978946685791016,1,0,0,0,4
36.65,94.15000000000002,5.1798248291015625,36.978946685791016,0,0,1,0,7
36.65,94.30000000000003,5.1798248291015625,36.978946685791016,0,0,1,0,7
36.65,94.45000000000003,5.1798248291015625,36.978946685791016,0,0,1,0,7
36.65,94.60000000000004,5.872807502746582,41.53158187866211,0,0,1,0,7
36.65,94.75000000000004,5.872807502746582,41.53158187866211,1,0,0,0,4
36.65,94.90000000000005,5.872807502746582,41.53158187866211,0,0,1,0,7
36.65,95.05000000000005,6.084649085998535,52.057891845703125,0,0,1,0,7
36.65,95.20000000000006,6.084649085998535,52.057891845703125,0,0,1,0,7
36.65,95.35000000000007,6.084649085998535,52.057891845703125,0,0,1,0,7
36.65,95.50000000000007,6.038597106933594,62.92631530761719,0,0,1,0,7
36.65,95.65000000000008,6.038597106933594,62.92631530761719,0,0,1,0,7
36.65,95.80000000000008,6.038597106933594,62.92631530761719,0,0,1,0,7
36.65,95.95000000000009,6.038597106933594,62.92631530761719,0,0,1,0,7
36.65,96.1000000000001,5.776754379272461,74.01579284667969,0,0,1,0,7
36.65,96.2500000000001,5.776754379272461,74.01579284667969,0,0,1,0,7
36.65,96.4000000000001,5.776754379272461,74.01579284667969,0,0,1,0,7
36.65,96.55000000000011,5.473245620727539,112.50525665283203,0,0,1,0,7
36.65,96.70000000000012,5.473245620727539,112.50525665283203,0,0,1,0,7
36.65,96.85000000000012,5.473245620727539,112.50525665283203,0,0,1,0,7
36.65,97.00000000000013,5.528947353363037,168.15789794921875,0,0,1,0,7
36.65,97.15000000000013,5.528947353363037,168.15789794921875,0,0,1,0,7
36.65,97.30000000000014,5.528947353363037,168.15789794921875,0,0,1,0,7
36.65,97.45000000000014,5.528947353363037,168.15789794921875,0,0,1,0,7
36.65,97.60000000000015,4.034648895263672,221.5210723876953,0,0,1,0,7
36.65,97.75000000000016,4.034648895263672,221.5210723876953,0,0,1,0,7
36.65,97.90000000000016,4.034648895263672,221.5210723876953,0,0,1,0,7
36.65,98.05000000000017,2.6311404705047607,257.0736999511719,0,0,1,0,7
36.65,98.20000000000017,2.6311404705047607,257.0736999511719,0,0,1,0,7
36.65,98.35000000000018,2.6311404705047607,257.0736999511719,1,0,0,0,4
36.65,98.50000000000018,0.8526316285133362,290.6999816894531,1,0,0,0,4
36.65,98.65000000000019,0.8526316285133362,290.6999816894531,1,0,0,0,4
36.65,98.8000000000002,0.8526316285133362,290.6999816894531,1,0,0,0,4
36.65,98.9500000000002,0.8526316285133362,290.6999816894531,0,0,1,0,7
36.65,99.10000000000021,0.9539473652839661,318.2526550292969,1,0,0,0,4
36.65,99.25000000000021,0.9539473652839661,318.2526550292969,0,0,1,0,7
36.65,99.40000000000022,0.9539473652839661,318.2526550292969,1,0,0,0,4
36.65,99.55000000000022,0.8548245429992676,380.4105529785156,1,0,0,0,4
36.65,99.70000000000023,0.8548245429992676,380.4105529785156,1,0,0,0,4
36.65,99.85000000000024,0.8548245429992676,380.4105529785156,1,0,0,0,4
36.65,100.00000000000024,1.1846489906311035,418.1158142089844,1,0,0,0,4
36.65,100.15000000000025,1.1846489906311035,418.1158142089844,0,0,0,1,5
36.65,100.30000000000025,1.1846489906311035,418.1158142089844,1,0,0,0,4
36.65,100.45000000000026,1.1846489906311035,418.1158142089844,0,0,0,1,5
36.65,100.60000000000026,0.7675438523292542,458.5736389160156,0,0,0,1,5
36.65,100.75000000000027,0.7675438523292542,458.5736389160156,1,0,0,0,4
36.65,100.90000000000028,0.7675438523292542,458.5736389160156,1,0,0,0,4
36.65,101.05000000000028,0.7921051979064941,489.84735107421875,1,0,0,0,4
36.65,101.20000000000029,0.7921051979064941,489.84735107421875,1,0,0,0,4
36.65,101.35000000000029,0.7921051979064941,489.84735107421875,1,0,0,0,4
36.65,101.5000000000003,4.060965061187744,454.9842834472656,0,0,0,0,1
36.65,101.6500000000003,4.060965061187744,454.9842834472656,1,0,0,0,4
36.65,101.80000000000031,4.060965061187744,454.9842834472656,1,0,0,0,4
36.65,101.95000000000032,4.060965061187744,454.9842834472656,1,0,0,0,4
36.65,102.10000000000032,1.7201755046844482,480.67901611328125,1,0,0,0,4
36.65,102.25000000000033,1.7201755046844482,480.67901611328125,1,0,0,0,4
36.65,102.40000000000033,1.7201755046844482,480.67901611328125,0,1,0,0,2
36.65,102.55000000000034,3.175877332687378,436.4683837890625,1,0,0,0,4
36.65,102.70000000000034,3.175877332687378,436.4683837890625,0,1,0,0,2
36.65,102.85000000000035,3.175877332687378,436.4683837890625,0,1,0,0,2
36.65,103.00000000000036,5.0065789222717285,376.07891845703125,1,0,0,0,4
36.65,103.15000000000036,5.0065789222717285,376.07891845703125,1,0,0,0,4
36.65,103.30000000000037,5.0065789222717285,376.07891845703125,0,0,0,0,1
36.65,103.45000000000037,5.0065789222717285,376.07891845703125,1,0,0,0,4
36.8,93.7,4.028947353363037,40.3684196472168,1,0,0,0,4
36.8,93.85000000000001,4.028947353363037,40.3684196472168,0,0,1,0,7
36.8,94.00000000000001,5.1798248291015625,36.978946685791016,0,0,1,0,7
36.8,94.15000000000002,5.1798248291015625,36.978946685791016,0,0,1,0,7
36.8,94.30000000000003,5.1798248291015625,36.978946685791016,0,0,1,0,7
36.8,94.45000000000003,5.1798248291015625,36.978946685791016,0,0,1,0,7
36.8,94.60000000000004,5.872807502746582,41.53158187866211,0,0,1,0,7
36.8,94.75000000000004,5.872807502746582,41.53158187866211,0,0,1,0,7
36.8,94.90000000000005,5.872807502746582,41.53158187866211,0,0,1,0,7
36.8,95.05000000000005,6.084649085998535,52.057891845703125,0,0,1,0,7
36.8,95.20000000000006,6.084649085998535,52.057891845703125,0,0,0,1,5
36.8,95.35000000000007,6.084649085998535,52.057891845703125,0,0,0,1,5
36.8,95.50000000000007,6.038597106933594,62.92631530761719,0,0,1,0,7
36.8,95.65000000000008,6.038597106933594,62.92631530761719,0,0,1,0,7
36.8,95.80000000000008,6.038597106933594,62.92631530761719,0,0,0,1,5
36.8,95.95000000000009,6.038597106933594,62.92631530761719,0,0,1,0,7
36.8,96.1000000000001,5.776754379272461,74.01579284667969,0,0,1,0,7
36.8,96.2500000000001,5.776754379272461,74.01579284667969,0,0,1,0,7
36.8,96.4000000000001,5.776754379272461,74.01579284667969,0,0,1,0,7
36.8,96.55000000000011,5.473245620727539,112.50525665283203,0,0,1,0,7
36.8,96.70000000000012,5.473245620727539,112.50525665283203,0,0,1,0,7
36.8,96.85000000000012,5.473245620727539,112.50525665283203,0,0,1,0,7
36.8,97.00000000000013,5.528947353363037,168.15789794921875,0,0,1,0,7
36.8,97.15000000000013,5.528947353363037,168.15789794921875,0,0,1,0,7
36.8,97.30000000000014,5.528947353363037,168.15789794921875,0,0,1,0,7
36.8,97.45000000000014,5.528947353363037,168.15789794921875,0,0,1,0,7
36.8,97.60000000000015,4.034648895263672,221.5210723876953,0,0,1,0,7
36.8,97.75000000000016,4.034648895263672,221.5210723876953,0,0,1,0,7
36.8,97.90000000000016,4.034648895263672,221.5210723876953,1,0,0,0,4
36.8,98.05000000000017,2.6311404705047607,257.0736999511719,0,0,1,0,7
36.8,98.20000000000017,2.6311404705047607,257.0736999511719,0,0,1,0,7
36.8,98.35000000000018,2.6311404705047607,257.0736999511719,0,0,1,0,7
36.8,98.50000000000018,0.8526316285133362,290.6999816894531,0,0,1,0,7
36.8,98.65000000000019,0.8526316285133362,290.6999816894531,0,0,1,0,7
36.8,98.8000000000002,0.8526316285133362,290.6999816894531,1,0,0,0,4
36.8,98.9500000000002,0.8526316285133362,290.6999816894531,0,0,1,0,7
36.8,99.10000000000021,0.9539473652839661,318.2526550292969,1,0,0,0,4
36.8,99.25000000000021,0.9539473652839661,318.2526550292969,1,0,0,0,4
36.8,99.40000000000022,0.9539473652839661,318.2526550292969,1,0,0,0,4
36.8,99.55000000000022,0.8548245429992676,380.4105529785156,1,0,0,0,4
36.8,99.70000000000023,0.8548245429992676,380.4105529785156,1,0,0,0,4
36.8,99.85000000000024,0.8548245429992676,380.4105529785156,0,0,0,1,5
36.8,100.00000000000024,1.1846489906311035,418.1158142089844,0,0,0,1,5
36.8,100.15000000000025,1.1846489906311035,418.1158142089844,0,0,0,1,5
36.8,100.30000000000025,1.1846489906311035,418.1158142089844,0,0,0,1,5
36.8,100.45000000000026,1.1846489906311035,418.1158142089844,0,0,0,1,5
36.8,100.60000000000026,0.7675438523292542,458.5736389160156,0,0,0,1,5
36.8,100.75000000000027,0.7675438523292542,458.5736389160156,0,0,0,1,5
36.8,100.90000000000028,0.7675438523292542,458.5736389160156,1,0,0,0,4
36.8,101.05000000000028,0.7921051979064941,489.84735107421875,1,0,0,0,4
36.8,101.20000000000029,0.7921051979064941,489.84735107421875,1,0,0,0,4
36.8,101.35000000000029,0.7921051979064941,489.84735107421875,1,0,0,0,4
36.8,101.5000000000003,4.060965061187744,454.9842834472656,0,0,0,0,1
36.8,101.6500000000003,4.060965061187744,454.9842834472656,0,0,0,0,1
36.8,101.80000000000031,4.060965061187744,454.9842834472656,1,0,0,0,4
36.8,101.95000000000032,4.060965061187744,454.9842834472656,0,0,0,0,1
36.8,102.10000000000032,1.7201755046844482,480.67901611328125,0,0,0,0,1
36.8,102.25000000000033,1.7201755046844482,480.67901611328125,1,0,0,0,4
36.8,102.40000000000033,1.7201755046844482,480.67901611328125,1,0,0,0,4
36.8,102.55000000000034,3.175877332687378,436.4683837890625,0,1,0,0,2
36.8,102.70000000000034,3.175877332687378,436.4683837890625,0,1,0,0,2
36.8,102.85000000000035,3.175877332687378,436.4683837890625,1,0,0,0,4
36.8,103.00000000000036,5.0065789222717285,376.07891845703125,1,0,0,0,4
36.8,103.15000000000036,5.0065789222717285,376.07891845703125,1,0,0,0,4
36.8,103.30000000000037,5.0065789222717285,376.07891845703125,1,0,0,0,4
36.8,103.45000000000037,5.0065789222717285,376.07891845703125,1,0,0,0,4
36.949999999999996,93.7,4.028947353363037,40.3684196472168,0,0,1,0,7
36.949999999999996,93.85000000000001,4.028947353363037,40.3684196472168,0,0,1,0,7
36.949999999999996,94.00000000000001,5.1798248291015625,36.978946685791016,0,0,1,0,7
36.949999999999996,94.15000000000002,5.1798248291015625,36.978946685791016,0,0,1,0,7
36.949999999999996,94.30000000000003,5.1798248291015625,36.978946685791016,0,0,1,0,7
36.949999999999996,94.45000000000003,5.1798248291015625,36.978946685791016,0,0,1,0,7
36.949999999999996,94.60000000000004,5.872807502746582,41.53158187866211,0,0,1,0,7
36.949999999999996,94.75000000000004,5.872807502746582,41.53158187866211,0,0,1,0,7
36.949999999999996,94.90000000000005,5.872807502746582,41.53158187866211,1,0,0,0,4
36.949999999999996,95.05000000000005,6.084649085998535,52.057891845703125,0,0,1,0,7
36.949999999999996,95.20000000000006,6.084649085998535,52.057891845703125,0,0,0,1,5
36.949999999999996,95.35000000000007,6.084649085998535,52.057891845703125,0,0,1,0,7
36.949999999999996,95.50000000000007,6.038597106933594,62.92631530761719,0,0,1,0,7
36.949999999999996,95.65000000000008,6.038597106933594,62.92631530761719,0,0,0,1,5
36.949999999999996,95.80000000000008,6.038597106933594,62.92631530761719,0,0,1,0,7
36.949999999999996,95.95000000000009,6.038597106933594,62.92631530761719,0,0,1,0,7
36.949999999999996,96.1000000000001,5.776754379272461,74.01579284667969,0,0,1,0,7
36.949999999999996,96.2500000000001,5.776754379272461,74.01579284667969,0,0,1,0,7
36.949999999999996,96.4000000000001,5.776754379272461,74.01579284667969,0,0,1,0,7
36.949999999999996,96.55000000000011,5.473245620727539,112.50525665283203,0,0,1,0,7
36.949999999999996,96.70000000000012,5.473245620727539,112.50525665283203,0,0,1,0,7
36.949999999999996,96.85000000000012,5.473245620727539,112.50525665283203,0,0,1,0,7
36.949999999999996,97.00000000000013,5.528947353363037,168.15789794921875,0,0,1,0,7
36.949999999999996,97.15000000000013,5.528947353363037,168.15789794921875,0,0,1,0,7
36.949999999999996,97.30000000000014,5.528947353363037,168.15789794921875,0,0,1,0,7
36.949999999999996,97.45000000000014,5.528947353363037,168.15789794921875,0,0,1,0,7
36.949999999999996,97.60000000000015,4.034648895263672,221.5210723876953,0,0,1,0,7
36.949999999999996,97.75000000000016,4.034648895263672,221.5210723876953,1,0,0,0,4
36.949999999999996,97.90000000000016,4.034648895263672,221.5210723876953,1,0,0,0,4
36.949999999999996,98.05000000000017,2.6311404705047607,257.0736999511719,0,0,1,0,7
36.949999999999996,98.20000000000017,2.6311404705047607,257.0736999511719,0,0,1,0,7
36.949999999999996,98.35000000000018,2.6311404705047607,257.0736999511719,1,0,0,0,4
36.949999999999996,98.50000000000018,0.8526316285133362,290.6999816894531,1,0,0,0,4
36.949999999999996,98.65000000000019,0.8526316285133362,290.6999816894531,1,0,0,0,4
36.949999999999996,98.8000000000002,0.8526316285133362,290.6999816894531,1,0,0,0,4
36.949999999999996,98.9500000000002,0.8526316285133362,290.6999816894531,1,0,0,0,4
36.949999999999996,99.10000000000021,0.9539473652839661,318.2526550292969,1,0,0,0,4
36.949999999999996,99.25000000000021,0.9539473652839661,318.2526550292969,1,0,0,0,4
36.949999999999996,99.40000000000022,0.9539473652839661,318.2526550292969,1,0,0,0,4
36.949999999999996,99.55000000000022,0.8548245429992676,380.4105529785156,1,0,0,0,4
36.949999999999996,99.70000000000023,0.8548245429992676,380.4105529785156,0,0,0,1,5
36.949999999999996,99.85000000000024,0.8548245429992676,380.4105529785156,0,0,0,1,5
36.949999999999996,100.00000000000024,1.1846489906311035,418.1158142089844,0,0,0,1,5
36.949999999999996,100.15000000000025,1.1846489906311035,418.1158142089844,0,0,0,1,5
36.949999999999996,100.30000000000025,1.1846489906311035,418.1158142089844,0,0,0,1,5
36.949999999999996,100.45000000000026,1.1846489906311035,418.1158142089844,0,0,0,1,5
36.949999999999996,100.60000000000026,0.7675438523292542,458.5736389160156,0,0,1,0,7
36.949999999999996,100.75000000000027,0.7675438523292542,458.5736389160156,1,0,0,0,4
36.949999999999996,100.90000000000028,0.7675438523292542,458.5736389160156,1,0,0,0,4
36.949999999999996,101.05000000000028,0.7921051979064941,489.84735107421875,1,0,0,0,4
36.949999999999996,101.20000000000029,0.7921051979064941,489.84735107421875,1,0,0,0,4
36.949999999999996,101.35000000000029,0.7921051979064941,489.84735107421875,1,0,0,0,4
36.949999999999996,101.5000000000003,4.060965061187744,454.9842834472656,1,0,0,0,4
36.949999999999996,101.6500000000003,4.060965061187744,454.9842834472656,0,0,0,0,1
36.949999999999996,101.80000000000031,4.060965061187744,454.9842834472656,1,0,0,0,4
36.949999999999996,101.95000000000032,4.060965061187744,454.9842834472656,1,0,0,0,4
36.949999999999996,102.10000000000032,1.7201755046844482,480.67901611328125,1,0,0,0,4
36.949999999999996,102.25000000000033,1.7201755046844482,480.67901611328125,0,1,0,0,2
36.949999999999996,102.40000000000033,1.7201755046844482,480.67901611328125,0,1,0,0,2
36.949999999999996,102.55000000000034,3.175877332687378,436.4683837890625,1,0,0,0,4
36.949999999999996,102.70000000000034,3.175877332687378,436.4683837890625,1,0,0,0,4
36.949999999999996,102.85000000000035,3.175877332687378,436.4683837890625,1,0,0,0,4
36.949999999999996,103.00000000000036,5.0065789222717285,376.07891845703125,1,0,0,0,4
36.949999999999996,103.15000000000036,5.0065789222717285,376.07891845703125,1,0,0,0,4
36.949999999999996,103.30000000000037,5.0065789222717285,376.07891845703125,1,0,0,0,4
36.949999999999996,103.45000000000037,5.0065789222717285,376.07891845703125,1,0,0,0,4
37.099999999999994,93.7,4.526315689086914,34.83157730102539,0,0,1,0,7
37.099999999999994,93.85000000000001,4.526315689086914,34.83157730102539,0,0,1,0,7
37.099999999999994,94.00000000000001,4.921930313110352,37.67368698120117,0,0,1,0,7
37.099999999999994,94.15000000000002,4.921930313110352,37.67368698120117,0,0,1,0,7
37.099999999999994,94.30000000000003,4.921930313110352,37.67368698120117,0,0,1,0,7
37.099999999999994,94.45000000000003,4.921930313110352,37.67368698120117,0,0,1,0,7
37.099999999999994,94.60000000000004,5.297807216644287,47.400001525878906,0,0,1,0,7
37.099999999999994,94.75000000000004,5.297807216644287,47.400001525878906,0,0,1,0,7
37.099999999999994,94.90000000000005,5.297807216644287,47.400001525878906,0,0,1,0,7
37.099999999999994,95.05000000000005,4.432894706726074,66.02105712890625,0,0,1,0,7
37.099999999999994,95.20000000000006,4.432894706726074,66.02105712890625,0,0,1,0,7
37.099999999999994,95.35000000000007,4.432894706726074,66.02105712890625,0,0,1,0,7
37.099999999999994,95.50000000000007,3.5947370529174805,89.84210968017578,0,0,1,0,7
37.099999999999994,95.65000000000008,3.5947370529174805,89.84210968017578,0,0,1,0,7
37.099999999999994,95.80000000000008,3.5947370529174805,89.84210968017578,0,0,1,0,7
37.099999999999994,95.95000000000009,3.5947370529174805,89.84210968017578,0,0,1,0,7
37.099999999999994,96.1000000000001,1.9978069067001343,130.5736846923828,0,0,1,0,7
37.099999999999994,96.2500000000001,1.9978069067001343,130.5736846923828,0,0,1,0,7
37.099999999999994,96.4000000000001,1.9978069067001343,130.5736846923828,0,0,1,0,7
37.099999999999994,96.55000000000011,4.212719440460205,141.4052734375,0,0,1,0,7
37.099999999999994,96.70000000000012,4.212719440460205,141.4052734375,0,0,1,0,7
37.099999999999994,96.85000000000012,4.212719440460205,141.4052734375,0,0,1,0,7
37.099999999999994,97.00000000000013,4.150000095367432,192.00527954101562,0,0,0,1,5
37.099999999999994,97.15000000000013,4.150000095367432,192.00527954101562,0,0,1,0,7
37.099999999999994,97.30000000000014,4.150000095367432,192.00527954101562,0,0,1,0,7
37.099999999999994,97.45000000000014,4.150000095367432,192.00527954101562,0,0,1,0,7
37.099999999999994,97.60000000000015,2.5811405181884766,242.1368408203125,0,0,1,0,7
37.099999999999994,97.75000000000016,2.5811405181884766,242.1368408203125,0,0,1,0,7
37.099999999999994,97.90000000000016,2.5811405181884766,242.1368408203125,0,0,1,0,7
37.099999999999994,98.05000000000017,-0.2635965347290039,291.7789611816406,1,0,0,0,4
37.099999999999994,98.20000000000017,-0.2635965347290039,291.7789611816406,0,0,1,0,7
37.099999999999994,98.35000000000018,-0.2635965347290039,291.7789611816406,1,0,0,0,4
37.099999999999994,98.50000000000018,-1.618420958518982,331.5578918457031,1,0,0,0,4
37.099999999999994,98.65000000000019,-1.618420958518982,331.5578918457031,1,0,0,0,4
37.099999999999994,98.8000000000002,-1.618420958518982,331.5578918457031,1,0,0,0,4
37.099999999999994,98.9500000000002,-1.618420958518982,331.5578918457031,1,0,0,0,4
37.099999999999994,99.10000000000021,-0.49605268239974976,356.4736633300781,1,0,0,0,4
37.099999999999994,99.25000000000021,-0.49605268239974976,356.4736633300781,1,0,0,0,4
37.099999999999994,99.40000000000022,-0.49605268239974976,356.4736633300781,1,0,0,0,4
37.099999999999994,99.55000000000022,-0.2640351355075836,400.5578918457031,1,0,0,0,4
37.099999999999994,99.70000000000023,-0.2640351355075836,400.5578918457031,1,0,0,0,4
37.099999999999994,99.85000000000024,-0.2640351355075836,400.5578918457031,0,0,0,1,5
37.099999999999994,100.00000000000024,0.17456142604351044,444.59478759765625,0,0,0,1,5
37.099999999999994,100.15000000000025,0.17456142604351044,444.59478759765625,0,0,0,1,5
37.099999999999994,100.30000000000025,0.17456142604351044,444.59478759765625,0,0,0,1,5
37.099999999999994,100.45000000000026,0.17456142604351044,444.59478759765625,1,0,0,0,4
37.099999999999994,100.60000000000026,-1.4162280559539795,483.9210510253906,1,0,0,0,4
37.099999999999994,100.75000000000027,-1.4162280559539795,483.9210510253906,1,0,0,0,4
37.099999999999994,100.90000000000028,-1.4162280559539795,483.9210510253906,1,0,0,0,4
37.099999999999994,101.05000000000028,-1.289912223815918,512.9578857421875,1,0,0,0,4
37.099999999999994,101.20000000000029,-1.289912223815918,512.9578857421875,1,0,0,0,4
37.099999999999994,101.35000000000029,-1.289912223815918,512.9578857421875,1,0,0,0,4
37.099999999999994,101.5000000000003,-0.4000000059604645,527.9631958007812,1,0,0,0,4
37.099999999999994,101.6500000000003,-0.4000000059604645,527.9631958007812,1,0,0,0,4
37.099999999999994,101.80000000000031,-0.4000000059604645,527.9631958007812,1,0,0,0,4
37.099999999999994,101.95000000000032,-0.4000000059604645,527.9631958007812,1,0,0,0,4
37.099999999999994,102.10000000000032,-0.9688596129417419,498.7369079589844,1,0,0,0,4
37.099999999999994,102.25000000000033,-0.9688596129417419,498.7369079589844,0,1,0,0,2
37.099999999999994,102.40000000000033,-0.9688596129417419,498.7369079589844,0,1,0,0,2
37.099999999999994,102.55000000000034,1.0328947305679321,433.5789489746094,1,0,0,0,4
37.099999999999994,102.70000000000034,1.0328947305679321,433.5789489746094,1,0,0,0,4
37.099999999999994,102.85000000000035,1.0328947305679321,433.5789489746094,1,0,0,0,4
37.099999999999994,103.00000000000036,3.0732455253601074,369.036865234375,1,0,0,0,4
37.099999999999994,103.15000000000036,3.0732455253601074,369.036865234375,1,0,0,0,4
37.099999999999994,103.30000000000037,3.0732455253601074,369.036865234375,1,0,0,0,4
37.099999999999994,103.45000000000037,3.0732455253601074,369.036865234375,1,0,0,0,4
37.24999999999999,93.7,4.526315689086914,34.83157730102539,0,0,1,0,7
37.24999999999999,93.85000000000001,4.526315689086914,34.83157730102539,0,0,1,0,7
37.24999999999999,94.00000000000001,4.921930313110352,37.67368698120117,0,0,1,0,7
37.24999999999999,94.15000000000002,4.921930313110352,37.67368698120117,0,0,1,0,7
37.24999999999999,94.30000000000003,4.921930313110352,37.67368698120117,0,0,1,0,7
37.24999999999999,94.45000000000003,4.921930313110352,37.67368698120117,0,0,1,0,7
37.24999999999999,94.60000000000004,5.297807216644287,47.400001525878906,0,0,1,0,7
37.24999999999999,94.75000000000004,5.297807216644287,47.400001525878906,0,0,1,0,7
37.24999999999999,94.90000000000005,5.297807216644287,47.400001525878906,0,0,1,0,7
37.24999999999999,95.05000000000005,4.432894706726074,66.02105712890625,0,0,1,0,7
37.24999999999999,95.20000000000006,4.432894706726074,66.02105712890625,0,0,1,0,7
37.24999999999999,95.35000000000007,4.432894706726074,66.02105712890625,0,0,1,0,7
37.24999999999999,95.50000000000007,3.5947370529174805,89.84210968017578,0,0,1,0,7
37.24999999999999,95.65000000000008,3.5947370529174805,89.84210968017578,0,0,1,0,7
37.24999999999999,95.80000000000008,3.5947370529174805,89.84210968017578,0,0,1,0,7
37.24999999999999,95.95000000000009,3.5947370529174805,89.84210968017578,0,0,1,0,7
37.24999999999999,96.1000000000001,1.9978069067001343,130.5736846923828,0,0,1,0,7
37.24999999999999,96.2500000000001,1.9978069067001343,130.5736846923828,0,0,1,0,7
37.24999999999999,96.4000000000001,1.9978069067001343,130.5736846923828,0,0,1,0,7
37.24999999999999,96.55000000000011,4.212719440460205,141.4052734375,0,0,1,0,7
37.24999999999999,96.70000000000012,4.212719440460205,141.4052734375,0,0,1,0,7
37.24999999999999,96.85000000000012,4.212719440460205,141.4052734375,0,0,1,0,7
37.24999999999999,97.00000000000013,4.150000095367432,192.00527954101562,1,0,0,0,4
37.24999999999999,97.15000000000013,4.150000095367432,192.00527954101562,0,0,1,0,7
37.24999999999999,97.30000000000014,4.150000095367432,192.00527954101562,0,0,1,0,7
37.24999999999999,97.45000000000014,4.150000095367432,192.00527954101562,0,0,1,0,7
37.24999999999999,97.60000000000015,2.5811405181884766,242.1368408203125,1,0,0,0,4
37.24999999999999,97.75000000000016,2.5811405181884766,242.1368408203125,1,0,0,0,4
37.24999999999999,97.90000000000016,2.5811405181884766,242.1368408203125,1,0,0,0,4
37.24999999999999,98.05000000000017,-0.2635965347290039,291.7789611816406,1,0,0,0,4
37.24999999999999,98.20000000000017,-0.2635965347290039,291.7789611816406,1,0,0,0,4
37.24999999999999,98.35000000000018,-0.2635965347290039,291.7789611816406,1,0,0,0,4
37.24999999999999,98.50000000000018,-1.618420958518982,331.5578918457031,1,0,0,0,4
37.24999999999999,98.65000000000019,-1.618420958518982,331.5578918457031,1,0,0,0,4
37.24999999999999,98.8000000000002,-1.618420958518982,331.5578918457031,1,0,0,0,4
37.24999999999999,98.9500000000002,-1.618420958518982,331.5578918457031,1,0,0,0,4
37.24999999999999,99.10000000000021,-0.49605268239974976,356.4736633300781,1,0,0,0,4
37.24999999999999,99.25000000000021,-0.49605268239974976,356.4736633300781,1,0,0,0,4
37.24999999999999,99.40000000000022,-0.49605268239974976,356.4736633300781,1,0,0,0,4
37.24999999999999,99.55000000000022,-0.2640351355075836,400.5578918457031,1,0,0,0,4
37.24999999999999,99.70000000000023,-0.2640351355075836,400.5578918457031,1,0,0,0,4
37.24999999999999,99.85000000000024,-0.2640351355075836,400.5578918457031,1,0,0,0,4
37.24999999999999,100.00000000000024,0.17456142604351044,444.59478759765625,1,0,0,0,4
37.24999999999999,100.15000000000025,0.17456142604351044,444.59478759765625,1,0,0,0,4
37.24999999999999,100.30000000000025,0.17456142604351044,444.59478759765625,1,0,0,0,4
37.24999999999999,100.45000000000026,0.17456142604351044,444.59478759765625,1,0,0,0,4
37.24999999999999,100.60000000000026,-1.4162280559539795,483.9210510253906,1,0,0,0,4
37.24999999999999,100.75000000000027,-1.4162280559539795,483.9210510253906,1,0,0,0,4
37.24999999999999,100.90000000000028,-1.4162280559539795,483.9210510253906,1,0,0,0,4
37.24999999999999,101.05000000000028,-1.289912223815918,512.9578857421875,1,0,0,0,4
37.24999999999999,101.20000000000029,-1.289912223815918,512.9578857421875,1,0,0,0,4
37.24999999999999,101.35000000000029,-1.289912223815918,512.9578857421875,1,0,0,0,4
37.24999999999999,101.5000000000003,-0.4000000059604645,527.9631958007812,1,0,0,0,4
37.24999999999999,101.6500000000003,-0.4000000059604645,527.9631958007812,1,0,0,0,4
37.24999999999999,101.80000000000031,-0.4000000059604645,527.9631958007812,1,0,0,0,4
37.24999999999999,101.95000000000032,-0.4000000059604645,527.9631958007812,0,1,0,0,2
37.24999999999999,102.10000000000032,-0.9688596129417419,498.7369079589844,1,0,0,0,4
37.24999999999999,102.25000000000033,-0.9688596129417419,498.7369079589844,1,0,0,0,4
37.24999999999999,102.40000000000033,-0.9688596129417419,498.7369079589844,1,0,0,0,4
37.24999999999999,102.55000000000034,1.0328947305679321,433.5789489746094,1,0,0,0,4
37.24999999999999,102.70000000000034,1.0328947305679321,433.5789489746094,1,0,0,0,4
37.24999999999999,102.85000000000035,1.0328947305679321,433.5789489746094,0,0,0,0,1
37.24999999999999,103.00000000000036,3.0732455253601074,369.036865234375,1,0,0,0,4
37.24999999999999,103.15000000000036,3.0732455253601074,369.036865234375,0,1,0,0,2
37.24999999999999,103.30000000000037,3.0732455253601074,369.036865234375,1,0,0,0,4
37.24999999999999,103.45000000000037,3.0732455253601074,369.036865234375,1,0,0,0,4
37.39999999999999,93.7,4.526315689086914,34.83157730102539,0,0,1,0,7
37.39999999999999,93.85000000000001,4.526315689086914,34.83157730102539,0,0,1,0,7
37.39999999999999,94.00000000000001,4.921930313110352,37.67368698120117,0,0,1,0,7
37.39999999999999,94.15000000000002,4.921930313110352,37.67368698120117,0,0,1,0,7
37.39999999999999,94.30000000000003,4.921930313110352,37.67368698120117,0,0,1,0,7
37.39999999999999,94.45000000000003,4.921930313110352,37.67368698120117,0,0,1,0,7
37.39999999999999,94.60000000000004,5.297807216644287,47.400001525878906,0,0,1,0,7
37.39999999999999,94.75000000000004,5.297807216644287,47.400001525878906,0,0,1,0,7
37.39999999999999,94.90000000000005,5.297807216644287,47.400001525878906,0,0,1,0,7
37.39999999999999,95.05000000000005,4.432894706726074,66.02105712890625,0,0,1,0,7
37.39999999999999,95.20000000000006,4.432894706726074,66.02105712890625,0,0,1,0,7
37.39999999999999,95.35000000000007,4.432894706726074,66.02105712890625,0,0,1,0,7
37.39999999999999,95.50000000000007,3.5947370529174805,89.84210968017578,0,0,1,0,7
37.39999999999999,95.65000000000008,3.5947370529174805,89.84210968017578,0,0,1,0,7
37.39999999999999,95.80000000000008,3.5947370529174805,89.84210968017578,0,0,1,0,7
37.39999999999999,95.95000000000009,3.5947370529174805,89.84210968017578,0,0,1,0,7
37.39999999999999,96.1000000000001,1.9978069067001343,130.5736846923828,0,0,1,0,7
37.39999999999999,96.2500000000001,1.9978069067001343,130.5736846923828,0,0,1,0,7
37.39999999999999,96.4000000000001,1.9978069067001343,130.5736846923828,0,0,1,0,7
37.39999999999999,96.55000000000011,4.212719440460205,141.4052734375,0,0,1,0,7
37.39999999999999,96.70000000000012,4.212719440460205,141.4052734375,1,0,0,0,4
37.39999999999999,96.85000000000012,4.212719440460205,141.4052734375,0,0,1,0,7
37.39999999999999,97.00000000000013,4.150000095367432,192.00527954101562,0,0,1,0,7
37.39999999999999,97.15000000000013,4.150000095367432,192.00527954101562,0,0,1,0,7
37.39999999999999,97.30000000000014,4.150000095367432,192.00527954101562,1,0,0,0,4
37.39999999999999,97.45000000000014,4.150000095367432,192.00527954101562,1,0,0,0,4
37.39999999999999,97.60000000000015,2.5811405181884766,242.1368408203125,1,0,0,0,4
37.39999999999999,97.75000000000016,2.5811405181884766,242.1368408203125,0,0,1,0,7
37.39999999999999,97.90000000000016,2.5811405181884766,242.1368408203125,1,0,0,0,4
37.39999999999999,98.05000000000017,-0.2635965347290039,291.7789611816406,1,0,0,0,4
37.39999999999999,98.20000000000017,-0.2635965347290039,291.7789611816406,1,0,0,0,4
37.39999999999999,98.35000000000018,-0.2635965347290039,291.7789611816406,1,0,0,0,4
37.39999999999999,98.50000000000018,-1.618420958518982,331.5578918457031,1,0,0,0,4
37.39999999999999,98.65000000000019,-1.618420958518982,331.5578918457031,1,0,0,0,4
37.39999999999999,98.8000000000002,-1.618420958518982,331.5578918457031,1,0,0,0,4
37.39999999999999,98.9500000000002,-1.618420958518982,331.5578918457031,1,0,0,0,4
37.39999999999999,99.10000000000021,-0.49605268239974976,356.4736633300781,1,0,0,0,4
37.39999999999999,99.25000000000021,-0.49605268239974976,356.4736633300781,1,0,0,0,4
37.39999999999999,99.40000000000022,-0.49605268239974976,356.4736633300781,1,0,0,0,4
37.39999999999999,99.55000000000022,-0.2640351355075836,400.5578918457031,1,0,0,0,4
37.39999999999999,99.70000000000023,-0.2640351355075836,400.5578918457031,1,0,0,0,4
37.39999999999999,99.85000000000024,-0.2640351355075836,400.5578918457031,1,0,0,0,4
37.39999999999999,100.00000000000024,0.17456142604351044,444.59478759765625,1,0,0,0,4
37.39999999999999,100.15000000000025,0.17456142604351044,444.59478759765625,1,0,0,0,4
37.39999999999999,100.30000000000025,0.17456142604351044,444.59478759765625,1,0,0,0,4
37.39999999999999,100.45000000000026,0.17456142604351044,444.59478759765625,1,0,0,0,4
37.39999999999999,100.60000000000026,-1.4162280559539795,483.9210510253906,1,0,0,0,4
37.39999999999999,100.75000000000027,-1.4162280559539795,483.9210510253906,1,0,0,0,4
37.39999999999999,100.90000000000028,-1.4162280559539795,483.9210510253906,1,0,0,0,4
37.39999999999999,101.05000000000028,-1.289912223815918,512.9578857421875,1,0,0,0,4
37.39999999999999,101.20000000000029,-1.289912223815918,512.9578857421875,1,0,0,0,4
37.39999999999999,101.35000000000029,-1.289912223815918,512.9578857421875,1,0,0,0,4
37.39999999999999,101.5000000000003,-0.4000000059604645,527.9631958007812,0,0,0,0,1
37.39999999999999,101.6500000000003,-0.4000000059604645,527.9631958007812,0,0,0,0,1
37.39999999999999,101.80000000000031,-0.4000000059604645,527.9631958007812,1,0,0,0,4
37.39999999999999,101.95000000000032,-0.4000000059604645,527.9631958007812,1,0,0,0,4
37.39999999999999,102.10000000000032,-0.9688596129417419,498.7369079589844,1,0,0,0,4
37.39999999999999,102.25000000000033,-0.9688596129417419,498.7369079589844,1,0,0,0,4
37.39999999999999,102.40000000000033,-0.9688596129417419,498.7369079589844,1,0,0,0,4
37.39999999999999,102.55000000000034,1.0328947305679321,433.5789489746094,0,1,0,0,2
37.39999999999999,102.70000000000034,1.0328947305679321,433.5789489746094,1,0,0,0,4
37.39999999999999,102.85000000000035,1.0328947305679321,433.5789489746094,1,0,0,0,4
37.39999999999999,103.00000000000036,3.0732455253601074,369.036865234375,1,0,0,0,4
37.39999999999999,103.15000000000036,3.0732455253601074,369.036865234375,1,0,0,0,4
37.39999999999999,103.30000000000037,3.0732455253601074,369.036865234375,1,0,0,0,4
37.39999999999999,103.45000000000037,3.0732455253601074,369.036865234375,1,0,0,0,4
37.54999999999999,93.7,4.419736862182617,38.852630615234375,0,0,0,1,5
37.54999999999999,93.85000000000001,4.419736862182617,38.852630615234375,0,0,0,1,5
37.54999999999999,94.00000000000001,4.261842727661133,45.126312255859375,0,0,1,0,7
37.54999999999999,94.15000000000002,4.261842727661133,45.126312255859375,0,0,1,0,7
37.54999999999999,94.30000000000003,4.261842727661133,45.126312255859375,0,0,1,0,7
37.54999999999999,94.45000000000003,4.261842727661133,45.126312255859375,0,0,1,0,7
37.54999999999999,94.60000000000004,3.228508949279785,66.03157806396484,0,0,1,0,7
37.54999999999999,94.75000000000004,3.228508949279785,66.03157806396484,0,0,1,0,7
37.54999999999999,94.90000000000005,3.228508949279785,66.03157806396484,0,0,1,0,7
37.54999999999999,95.05000000000005,1.2311404943466187,102.03157806396484,0,0,1,0,7
37.54999999999999,95.20000000000006,1.2311404943466187,102.03157806396484,0,0,1,0,7
37.54999999999999,95.35000000000007,1.2311404943466187,102.03157806396484,0,0,1,0,7
37.54999999999999,95.50000000000007,-2.189035415649414,161.82107543945312,0,0,0,1,5
37.54999999999999,95.65000000000008,-2.189035415649414,161.82107543945312,0,0,1,0,7
37.54999999999999,95.80000000000008,-2.189035415649414,161.82107543945312,0,0,1,0,7
37.54999999999999,95.95000000000009,-2.189035415649414,161.82107543945312,0,0,1,0,7
37.54999999999999,96.1000000000001,-1.682456135749817,183.53158569335938,0,0,1,0,7
37.54999999999999,96.2500000000001,-1.682456135749817,183.53158569335938,0,0,1,0,7
37.54999999999999,96.4000000000001,-1.682456135749817,183.53158569335938,0,0,1,0,7
37.54999999999999,96.55000000000011,-2.9210526943206787,230.4789581298828,1,0,0,0,4
37.54999999999999,96.70000000000012,-2.9210526943206787,230.4789581298828,1,0,0,0,4
37.54999999999999,96.85000000000012,-2.9210526943206787,230.4789581298828,1,0,0,0,4
37.54999999999999,97.00000000000013,-3.675438642501831,271.0947265625,0,0,1,0,7
37.54999999999999,97.15000000000013,-3.675438642501831,271.0947265625,0,0,1,0,7
37.54999999999999,97.30000000000014,-3.675438642501831,271.0947265625,0,0,1,0,7
37.54999999999999,97.45000000000014,-3.675438642501831,271.0947265625,0,0,1,0,7
37.54999999999999,97.60000000000015,-4.184210300445557,307.7105712890625,0,0,1,0,7
37.54999999999999,97.75000000000016,-4.184210300445557,307.7105712890625,1,0,0,0,4
37.54999999999999,97.90000000000016,-4.184210300445557,307.7105712890625,1,0,0,0,4
37.54999999999999,98.05000000000017,-3.930701732635498,332.4789733886719,0,0,1,0,7
37.54999999999999,98.20000000000017,-3.930701732635498,332.4789733886719,1,0,0,0,4
37.54999999999999,98.35000000000018,-3.930701732635498,332.4789733886719,1,0,0,0,4
37.54999999999999,98.50000000000018,-3.9206137657165527,353.07366943359375,1,0,0,0,4
37.54999999999999,98.65000000000019,-3.9206137657165527,353.07366943359375,1,0,0,0,4
37.54999999999999,98.8000000000002,-3.9206137657165527,353.07366943359375,1,0,0,0,4
37.54999999999999,98.9500000000002,-3.9206137657165527,353.07366943359375,1,0,0,0,4
37.54999999999999,99.10000000000021,-4.321929454803467,380.8841857910156,1,0,0,0,4
37.54999999999999,99.25000000000021,-4.321929454803467,380.8841857910156,1,0,0,0,4
37.54999999999999,99.40000000000022,-4.321929454803467,380.8841857910156,1,0,0,0,4
37.54999999999999,99.55000000000022,-3.162719488143921,406.9579162597656,1,0,0,0,4
37.54999999999999,99.70000000000023,-3.162719488143921,406.9579162597656,1,0,0,0,4
37.54999999999999,99.85000000000024,-3.162719488143921,406.9579162597656,1,0,0,0,4
37.54999999999999,100.00000000000024,-2.8421053886413574,432.15789794921875,1,0,0,0,4
37.54999999999999,100.15000000000025,-2.8421053886413574,432.15789794921875,1,0,0,0,4
37.54999999999999,100.30000000000025,-2.8421053886413574,432.15789794921875,1,0,0,0,4
37.54999999999999,100.45000000000026,-2.8421053886413574,432.15789794921875,1,0,0,0,4
37.54999999999999,100.60000000000026,-2.3600876331329346,453.93682861328125,1,0,0,0,4
37.54999999999999,100.75000000000027,-2.3600876331329346,453.93682861328125,1,0,0,0,4
37.54999999999999,100.90000000000028,-2.3600876331329346,453.93682861328125,1,0,0,0,4
37.54999999999999,101.05000000000028,-2.0732455253601074,473.09478759765625,1,0,0,0,4
37.54999999999999,101.20000000000029,-2.0732455253601074,473.09478759765625,1,0,0,0,4
37.54999999999999,101.35000000000029,-2.0732455253601074,473.09478759765625,1,0,0,0,4
37.54999999999999,101.5000000000003,-1.7666666507720947,473.1737365722656,1,0,0,0,4
37.54999999999999,101.6500000000003,-1.7666666507720947,473.1737365722656,1,0,0,0,4
37.54999999999999,101.80000000000031,-1.7666666507720947,473.1737365722656,0,0,1,0,7
37.54999999999999,101.95000000000032,-1.7666666507720947,473.1737365722656,1,0,0,0,4
37.54999999999999,102.10000000000032,0.6021929979324341,417.5052795410156,0,0,1,0,7
37.54999999999999,102.25000000000033,0.6021929979324341,417.5052795410156,1,0,0,0,4
37.54999999999999,102.40000000000033,0.6021929979324341,417.5052795410156,1,0,0,0,4
37.54999999999999,102.55000000000034,7.0478057861328125,241.51577758789062,1,0,0,0,4
37.54999999999999,102.70000000000034,7.0478057861328125,241.51577758789062,1,0,0,0,4
37.54999999999999,102.85000000000035,7.0478057861328125,241.51577758789062,1,0,0,0,4
37.54999999999999,103.00000000000036,8.06315803527832,203.11053466796875,1,0,0,0,4
37.54999999999999,103.15000000000036,8.06315803527832,203.11053466796875,1,0,0,0,4
37.54999999999999,103.30000000000037,8.06315803527832,203.11053466796875,1,0,0,0,4
37.54999999999999,103.45000000000037,8.06315803527832,203.11053466796875,1,0,0,0,4
37.69999999999999,93.7,4.419736862182617,38.852630615234375,0,0,1,0,7
37.69999999999999,93.85000000000001,4.419736862182617,38.852630615234375,0,0,1,0,7
37.69999999999999,94.00000000000001,4.261842727661133,45.126312255859375,0,0,1,0,7
37.69999999999999,94.15000000000002,4.261842727661133,45.126312255859375,0,0,1,0,7
37.69999999999999,94.30000000000003,4.261842727661133,45.126312255859375,0,0,1,0,7
37.69999999999999,94.45000000000003,4.261842727661133,45.126312255859375,0,0,1,0,7
37.69999999999999,94.60000000000004,3.228508949279785,66.03157806396484,0,0,1,0,7
37.69999999999999,94.75000000000004,3.228508949279785,66.03157806396484,0,0,1,0,7
37.69999999999999,94.90000000000005,3.228508949279785,66.03157806396484,0,0,1,0,7
37.69999999999999,95.05000000000005,1.2311404943466187,102.03157806396484,0,0,1,0,7
37.69999999999999,95.20000000000006,1.2311404943466187,102.03157806396484,0,0,1,0,7
37.69999999999999,95.35000000000007,1.2311404943466187,102.03157806396484,0,0,1,0,7
37.69999999999999,95.50000000000007,-2.189035415649414,161.82107543945312,0,0,1,0,7
37.69999999999999,95.65000000000008,-2.189035415649414,161.82107543945312,0,0,1,0,7
37.69999999999999,95.80000000000008,-2.189035415649414,161.82107543945312,0,0,1,0,7
37.69999999999999,95.95000000000009,-2.189035415649414,161.82107543945312,0,0,1,0,7
37.69999999999999,96.1000000000001,-1.682456135749817,183.53158569335938,0,0,1,0,7
37.69999999999999,96.2500000000001,-1.682456135749817,183.53158569335938,0,0,1,0,7
37.69999999999999,96.4000000000001,-1.682456135749817,183.53158569335938,0,0,1,0,7
37.69999999999999,96.55000000000011,-2.9210526943206787,230.4789581298828,1,0,0,0,4
37.69999999999999,96.70000000000012,-2.9210526943206787,230.4789581298828,1,0,0,0,4
37.69999999999999,96.85000000000012,-2.9210526943206787,230.4789581298828,0,0,1,0,7
37.69999999999999,97.00000000000013,-3.675438642501831,271.0947265625,1,0,0,0,4
37.69999999999999,97.15000000000013,-3.675438642501831,271.0947265625,0,0,1,0,7
37.69999999999999,97.30000000000014,-3.675438642501831,271.0947265625,1,0,0,0,4
37.69999999999999,97.45000000000014,-3.675438642501831,271.0947265625,1,0,0,0,4
37.69999999999999,97.60000000000015,-4.184210300445557,307.7105712890625,1,0,0,0,4
37.69999999999999,97.75000000000016,-4.184210300445557,307.7105712890625,1,0,0,0,4
37.69999999999999,97.90000000000016,-4.184210300445557,307.7105712890625,0,0,1,0,7
37.69999999999999,98.05000000000017,-3.930701732635498,332.4789733886719,0,0,1,0,7
37.69999999999999,98.20000000000017,-3.930701732635498,332.4789733886719,1,0,0,0,4
37.69999999999999,98.35000000000018,-3.930701732635498,332.4789733886719,1,0,0,0,4
37.69999999999999,98.50000000000018,-3.9206137657165527,353.07366943359375,1,0,0,0,4
37.69999999999999,98.65000000000019,-3.9206137657165527,353.07366943359375,1,0,0,0,4
37.69999999999999,98.8000000000002,-3.9206137657165527,353.07366943359375,1,0,0,0,4
37.69999999999999,98.9500000000002,-3.9206137657165527,353.07366943359375,1,0,0,0,4
37.69999999999999,99.10000000000021,-4.321929454803467,380.8841857910156,1,0,0,0,4
37.69999999999999,99.25000000000021,-4.321929454803467,380.8841857910156,1,0,0,0,4
37.69999999999999,99.40000000000022,-4.321929454803467,380.8841857910156,1,0,0,0,4
37.69999999999999,99.55000000000022,-3.162719488143921,406.9579162597656,1,0,0,0,4
37.69999999999999,99.70000000000023,-3.162719488143921,406.9579162597656,1,0,0,0,4
37.69999999999999,99.85000000000024,-3.162719488143921,406.9579162597656,1,0,0,0,4
37.69999999999999,100.00000000000024,-2.8421053886413574,432.15789794921875,1,0,0,0,4
37.69999999999999,100.15000000000025,-2.8421053886413574,432.15789794921875,1,0,0,0,4
37.69999999999999,100.30000000000025,-2.8421053886413574,432.15789794921875,1,0,0,0,4
37.69999999999999,100.45000000000026,-2.8421053886413574,432.15789794921875,1,0,0,0,4
37.69999999999999,100.60000000000026,-2.3600876331329346,453.93682861328125,1,0,0,0,4
37.69999999999999,100.75000000000027,-2.3600876331329346,453.93682861328125,1,0,0,0,4
37.69999999999999,100.90000000000028,-2.3600876331329346,453.93682861328125,1,0,0,0,4
37.69999999999999,101.05000000000028,-2.0732455253601074,473.09478759765625,1,0,0,0,4
37.69999999999999,101.20000000000029,-2.0732455253601074,473.09478759765625,1,0,0,0,4
37.69999999999999,101.35000000000029,-2.0732455253601074,473.09478759765625,1,0,0,0,4
37.69999999999999,101.5000000000003,-1.7666666507720947,473.1737365722656,0,0,0,0,6
37.69999999999999,101.6500000000003,-1.7666666507720947,473.1737365722656,1,0,0,0,4
37.69999999999999,101.80000000000031,-1.7666666507720947,473.1737365722656,1,0,0,0,4
37.69999999999999,101.95000000000032,-1.7666666507720947,473.1737365722656,1,0,0,0,4
37.69999999999999,102.10000000000032,0.6021929979324341,417.5052795410156,1,0,0,0,4
37.69999999999999,102.25000000000033,0.6021929979324341,417.5052795410156,0,1,0,0,2
37.69999999999999,102.40000000000033,0.6021929979324341,417.5052795410156,1,0,0,0,4
37.69999999999999,102.55000000000034,7.0478057861328125,241.51577758789062,1,0,0,0,4
37.69999999999999,102.70000000000034,7.0478057861328125,241.51577758789062,1,0,0,0,4
37.69999999999999,102.85000000000035,7.0478057861328125,241.51577758789062,0,0,0,0,1
37.69999999999999,103.00000000000036,8.06315803527832,203.11053466796875,0,0,0,0,1
37.69999999999999,103.15000000000036,8.06315803527832,203.11053466796875,1,0,0,0,4
37.69999999999999,103.30000000000037,8.06315803527832,203.11053466796875,1,0,0,0,4
37.69999999999999,103.45000000000037,8.06315803527832,203.11053466796875,1,0,0,0,4
37.84999999999999,93.7,4.419736862182617,38.852630615234375,0,0,1,0,7
37.84999999999999,93.85000000000001,4.419736862182617,38.852630615234375,0,0,1,0,7
37.84999999999999,94.00000000000001,4.261842727661133,45.126312255859375,0,0,1,0,7
37.84999999999999,94.15000000000002,4.261842727661133,45.126312255859375,0,0,1,0,7
37.84999999999999,94.30000000000003,4.261842727661133,45.126312255859375,0,0,1,0,7
37.84999999999999,94.45000000000003,4.261842727661133,45.126312255859375,0,0,1,0,7
37.84999999999999,94.60000000000004,3.228508949279785,66.03157806396484,0,0,1,0,7
37.84999999999999,94.75000000000004,3.228508949279785,66.03157806396484,0,0,1,0,7
37.84999999999999,94.90000000000005,3.228508949279785,66.03157806396484,0,0,1,0,7
37.84999999999999,95.05000000000005,1.2311404943466187,102.03157806396484,0,0,1,0,7
37.84999999999999,95.20000000000006,1.2311404943466187,102.03157806396484,0,0,0,1,5
37.84999999999999,95.35000000000007,1.2311404943466187,102.03157806396484,1,0,0,0,4
37.84999999999999,95.50000000000007,-2.189035415649414,161.82107543945312,0,0,1,0,7
37.84999999999999,95.65000000000008,-2.189035415649414,161.82107543945312,1,0,0,0,4
37.84999999999999,95.80000000000008,-2.189035415649414,161.82107543945312,0,0,1,0,7
37.84999999999999,95.95000000000009,-2.189035415649414,161.82107543945312,0,0,1,0,7
37.84999999999999,96.1000000000001,-1.682456135749817,183.53158569335938,1,0,0,0,4
37.84999999999999,96.2500000000001,-1.682456135749817,183.53158569335938,1,0,0,0,4
37.84999999999999,96.4000000000001,-1.682456135749817,183.53158569335938,1,0,0,0,4
37.84999999999999,96.55000000000011,-2.9210526943206787,230.4789581298828,1,0,0,0,4
37.84999999999999,96.70000000000012,-2.9210526943206787,230.4789581298828,1,0,0,0,4
37.84999999999999,96.85000000000012,-2.9210526943206787,230.4789581298828,1,0,0,0,4
37.84999999999999,97.00000000000013,-3.675438642501831,271.0947265625,1,0,0,0,4
37.84999999999999,97.15000000000013,-3.675438642501831,271.0947265625,0,0,1,0,7
37.84999999999999,97.30000000000014,-3.675438642501831,271.0947265625,1,0,0,0,4
37.84999999999999,97.45000000000014,-3.675438642501831,271.0947265625,0,0,1,0,7
37.84999999999999,97.60000000000015,-4.184210300445557,307.7105712890625,1,0,0,0,4
37.84999999999999,97.75000000000016,-4.184210300445557,307.7105712890625,0,0,1,0,7
37.84999999999999,97.90000000000016,-4.184210300445557,307.7105712890625,1,0,0,0,4
37.84999999999999,98.05000000000017,-3.930701732635498,332.4789733886719,1,0,0,0,4
37.84999999999999,98.20000000000017,-3.930701732635498,332.4789733886719,1,0,0,0,4
37.84999999999999,98.35000000000018,-3.930701732635498,332.4789733886719,1,0,0,0,4
37.84999999999999,98.50000000000018,-3.9206137657165527,353.07366943359375,1,0,0,0,4
37.84999999999999,98.65000000000019,-3.9206137657165527,353.07366943359375,1,0,0,0,4
37.84999999999999,98.8000000000002,-3.9206137657165527,353.07366943359375,1,0,0,0,4
37.84999999999999,98.9500000000002,-3.9206137657165527,353.07366943359375,0,0,1,0,7
37.84999999999999,99.10000000000021,-4.321929454803467,380.8841857910156,1,0,0,0,4
37.84999999999999,99.25000000000021,-4.321929454803467,380.8841857910156,1,0,0,0,4
37.84999999999999,99.40000000000022,-4.321929454803467,380.8841857910156,1,0,0,0,4
37.84999999999999,99.55000000000022,-3.162719488143921,406.9579162597656,1,0,0,0,4
37.84999999999999,99.70000000000023,-3.162719488143921,406.9579162597656,1,0,0,0,4
37.84999999999999,99.85000000000024,-3.162719488143921,406.9579162597656,1,0,0,0,4
37.84999999999999,100.00000000000024,-2.8421053886413574,432.15789794921875,1,0,0,0,4
37.84999999999999,100.15000000000025,-2.8421053886413574,432.15789794921875,1,0,0,0,4
37.84999999999999,100.30000000000025,-2.8421053886413574,432.15789794921875,1,0,0,0,4
37.84999999999999,100.45000000000026,-2.8421053886413574,432.15789794921875,1,0,0,0,4
37.84999999999999,100.60000000000026,-2.3600876331329346,453.93682861328125,1,0,0,0,4
37.84999999999999,100.75000000000027,-2.3600876331329346,453.93682861328125,1,0,0,0,4
37.84999999999999,100.90000000000028,-2.3600876331329346,453.93682861328125,1,0,0,0,4
37.84999999999999,101.05000000000028,-2.0732455253601074,473.09478759765625,1,0,0,0,4
37.84999999999999,101.20000000000029,-2.0732455253601074,473.09478759765625,1,0,0,0,4
37.84999999999999,101.35000000000029,-2.0732455253601074,473.09478759765625,1,0,0,0,4
37.84999999999999,101.5000000000003,-1.7666666507720947,473.1737365722656,1,0,0,0,4
37.84999999999999,101.6500000000003,-1.7666666507720947,473.1737365722656,1,0,0,0,4
37.84999999999999,101.80000000000031,-1.7666666507720947,473.1737365722656,1,0,0,0,4
37.84999999999999,101.95000000000032,-1.7666666507720947,473.1737365722656,1,0,0,0,4
37.84999999999999,102.10000000000032,0.6021929979324341,417.5052795410156,1,0,0,0,4
37.84999999999999,102.25000000000033,0.6021929979324341,417.5052795410156,1,0,0,0,4
37.84999999999999,102.40000000000033,0.6021929979324341,417.5052795410156,1,0,0,0,4
37.84999999999999,102.55000000000034,7.0478057861328125,241.51577758789062,1,0,0,0,4
37.84999999999999,102.70000000000034,7.0478057861328125,241.51577758789062,0,0,0,0,1
37.84999999999999,102.85000000000035,7.0478057861328125,241.51577758789062,0,0,0,0,1
37.84999999999999,103.00000000000036,8.06315803527832,203.11053466796875,0,0,1,0,7
37.84999999999999,103.15000000000036,8.06315803527832,203.11053466796875,0,0,1,0,7
37.84999999999999,103.30000000000037,8.06315803527832,203.11053466796875,0,0,1,0,7
37.84999999999999,103.45000000000037,8.06315803527832,203.11053466796875,0,0,1,0,7
37.999999999999986,93.7,3.8197367191314697,45.10525894165039,0,0,1,0,7
37.999999999999986,93.85000000000001,3.8197367191314697,45.10525894165039,0,0,1,0,7
37.999999999999986,94.00000000000001,3.4135966300964355,56.97367858886719,0,0,1,0,7
37.999999999999986,94.15000000000002,3.4135966300964355,56.97367858886719,0,0,1,0,7
37.999999999999986,94.30000000000003,3.4135966300964355,56.97367858886719,0,0,1,0,7
37.999999999999986,94.45000000000003,3.4135966300964355,56.97367858886719,0,0,1,0,7
37.999999999999986,94.60000000000004,0.6811404228210449,92.86315155029297,0,0,1,0,7
37.999999999999986,94.75000000000004,0.6811404228210449,92.86315155029297,0,0,1,0,7
37.999999999999986,94.90000000000005,0.6811404228210449,92.86315155029297,0,0,1,0,7
37.999999999999986,95.05000000000005,-3.295614004135132,155.76315307617188,0,0,1,0,7
37.999999999999986,95.20000000000006,-3.295614004135132,155.76315307617188,0,0,1,0,7
37.999999999999986,95.35000000000007,-3.295614004135132,155.76315307617188,0,0,1,0,7
37.999999999999986,95.50000000000007,-5.634210109710693,204.26840209960938,0,0,1,0,7
37.999999999999986,95.65000000000008,-5.634210109710693,204.26840209960938,0,0,1,0,7
37.999999999999986,95.80000000000008,-5.634210109710693,204.26840209960938,1,0,0,0,4
37.999999999999986,95.95000000000009,-5.634210109710693,204.26840209960938,1,0,0,0,4
37.999999999999986,96.1000000000001,-5.490789413452148,225.55787658691406,1,0,0,0,4
37.999999999999986,96.2500000000001,-5.490789413452148,225.55787658691406,1,0,0,0,4
37.999999999999986,96.4000000000001,-5.490789413452148,225.55787658691406,1,0,0,0,4
37.999999999999986,96.55000000000011,-4.746053218841553,244.6579132080078,0,0,1,0,7
37.999999999999986,96.70000000000012,-4.746053218841553,244.6579132080078,0,0,1,0,7
37.999999999999986,96.85000000000012,-4.746053218841553,244.6579132080078,1,0,0,0,4
37.999999999999986,97.00000000000013,-4.453070163726807,272.5894775390625,1,0,0,0,4
37.999999999999986,97.15000000000013,-4.453070163726807,272.5894775390625,0,0,1,0,7
37.999999999999986,97.30000000000014,-4.453070163726807,272.5894775390625,0,0,1,0,7
37.999999999999986,97.45000000000014,-4.453070163726807,272.5894775390625,0,0,1,0,7
37.999999999999986,97.60000000000015,-4.614912509918213,305.3315734863281,1,0,0,0,4
37.999999999999986,97.75000000000016,-4.614912509918213,305.3315734863281,1,0,0,0,4
37.999999999999986,97.90000000000016,-4.614912509918213,305.3315734863281,1,0,0,0,4
37.999999999999986,98.05000000000017,-4.508333206176758,333.1842346191406,1,0,0,0,4
37.999999999999986,98.20000000000017,-4.508333206176758,333.1842346191406,1,0,0,0,4
37.999999999999986,98.35000000000018,-4.508333206176758,333.1842346191406,1,0,0,0,4
37.999999999999986,98.50000000000018,-5.687281131744385,357.6052551269531,1,0,0,0,4
37.999999999999986,98.65000000000019,-5.687281131744385,357.6052551269531,0,0,1,0,7
37.999999999999986,98.8000000000002,-5.687281131744385,357.6052551269531,1,0,0,0,4
37.999999999999986,98.9500000000002,-5.687281131744385,357.6052551269531,1,0,0,0,4
37.999999999999986,99.10000000000021,-5.262719631195068,368.07366943359375,1,0,0,0,4
37.999999999999986,99.25000000000021,-5.262719631195068,368.07366943359375,1,0,0,0,4
37.999999999999986,99.40000000000022,-5.262719631195068,368.07366943359375,1,0,0,0,4
37.999999999999986,99.55000000000022,-3.0074563026428223,369.34210205078125,1,0,0,0,4
37.999999999999986,99.70000000000023,-3.0074563026428223,369.34210205078125,1,0,0,0,4
37.999999999999986,99.85000000000024,-3.0074563026428223,369.34210205078125,1,0,0,0,4
37.999999999999986,100.00000000000024,-2.5407896041870117,367.5052490234375,1,0,0,0,4
37.999999999999986,100.15000000000025,-2.5407896041870117,367.5052490234375,1,0,0,0,4
37.999999999999986,100.30000000000025,-2.5407896041870117,367.5052490234375,1,0,0,0,4
37.999999999999986,100.45000000000026,-2.5407896041870117,367.5052490234375,1,0,0,0,4
37.999999999999986,100.60000000000026,-0.9723683595657349,342.010498046875,1,0,0,0,4
37.999999999999986,100.75000000000027,-0.9723683595657349,342.010498046875,1,0,0,0,4
37.999999999999986,100.90000000000028,-0.9723683595657349,342.010498046875,1,0,0,0,4
37.999999999999986,101.05000000000028,0.4254385232925415,345.3473815917969,1,0,0,0,4
37.999999999999986,101.20000000000029,0.4254385232925415,345.3473815917969,1,0,0,0,4
37.999999999999986,101.35000000000029,0.4254385232925415,345.3473815917969,1,0,0,0,4
37.999999999999986,101.5000000000003,2.951754570007324,319.463134765625,1,0,0,0,4
37.999999999999986,101.6500000000003,2.951754570007324,319.463134765625,1,0,0,0,4
37.999999999999986,101.80000000000031,2.951754570007324,319.463134765625,1,0,0,0,4
37.999999999999986,101.95000000000032,2.951754570007324,319.463134765625,1,0,0,0,4
37.999999999999986,102.10000000000032,6.814474105834961,219.3473663330078,1,0,0,0,4
37.999999999999986,102.25000000000033,6.814474105834961,219.3473663330078,1,0,0,0,4
37.999999999999986,102.40000000000033,6.814474105834961,219.3473663330078,0,0,0,0,1
37.999999999999986,102.55000000000034,8.901754379272461,153.7315673828125,0,0,0,0,1
37.999999999999986,102.70000000000034,8.901754379272461,153.7315673828125,0,0,0,0,1
37.999999999999986,102.85000000000035,8.901754379272461,153.7315673828125,0,0,0,0,1
37.999999999999986,103.00000000000036,8.987719535827637,149.09999084472656,0,0,1,0,7
37.999999999999986,103.15000000000036,8.987719535827637,149.09999084472656,0,0,1,0,7
37.999999999999986,103.30000000000037,8.987719535827637,149.09999084472656,0,0,1,0,7
37.999999999999986,103.45000000000037,8.987719535827637,149.09999084472656,0,0,1,0,7
38.149999999999984,93.7,3.8197367191314697,45.10525894165039,0,0,1,0,7
38.149999999999984,93.85000000000001,3.8197367191314697,45.10525894165039,0,0,1,0,7
38.149999999999984,94.00000000000001,3.4135966300964355,56.97367858886719,0,0,1,0,7
38.149999999999984,94.15000000000002,3.4135966300964355,56.97367858886719,0,0,1,0,7
38.149999999999984,94.30000000000003,3.4135966300964355,56.97367858886719,0,0,1,0,7
38.149999999999984,94.45000000000003,3.4135966300964355,56.97367858886719,0,0,1,0,7
38.149999999999984,94.60000000000004,0.6811404228210449,92.86315155029297,0,0,1,0,7
38.149999999999984,94.75000000000004,0.6811404228210449,92.86315155029297,0,0,1,0,7
38.149999999999984,94.90000000000005,0.6811404228210449,92.86315155029297,0,0,1,0,7
38.149999999999984,95.05000000000005,-3.295614004135132,155.76315307617188,0,0,1,0,7
38.149999999999984,95.20000000000006,-3.295614004135132,155.76315307617188,0,0,1,0,7
38.149999999999984,95.35000000000007,-3.295614004135132,155.76315307617188,0,0,1,0,7
38.149999999999984,95.50000000000007,-5.634210109710693,204.26840209960938,0,0,1,0,7
38.149999999999984,95.65000000000008,-5.634210109710693,204.26840209960938,0,0,1,0,7
38.149999999999984,95.80000000000008,-5.634210109710693,204.26840209960938,0,0,1,0,7
38.149999999999984,95.95000000000009,-5.634210109710693,204.26840209960938,1,0,0,0,4
38.149999999999984,96.1000000000001,-5.490789413452148,225.55787658691406,0,0,1,0,7
38.149999999999984,96.2500000000001,-5.490789413452148,225.55787658691406,0,0,0,0,6
38.149999999999984,96.4000000000001,-5.490789413452148,225.55787658691406,0,0,0,0,6
38.149999999999984,96.55000000000011,-4.746053218841553,244.6579132080078,0,0,1,0,7
38.149999999999984,96.70000000000012,-4.746053218841553,244.6579132080078,1,0,0,0,4
38.149999999999984,96.85000000000012,-4.746053218841553,244.6579132080078,0,0,1,0,7
38.149999999999984,97.00000000000013,-4.453070163726807,272.5894775390625,0,0,1,0,7
38.149999999999984,97.15000000000013,-4.453070163726807,272.5894775390625,0,0,1,0,7
38.149999999999984,97.30000000000014,-4.453070163726807,272.5894775390625,1,0,0,0,4
38.149999999999984,97.45000000000014,-4.453070163726807,272.5894775390625,1,0,0,0,4
38.149999999999984,97.60000000000015,-4.614912509918213,305.3315734863281,1,0,0,0,4
38.149999999999984,97.75000000000016,-4.614912509918213,305.3315734863281,1,0,0,0,4
38.149999999999984,97.90000000000016,-4.614912509918213,305.3315734863281,1,0,0,0,4
38.149999999999984,98.05000000000017,-4.508333206176758,333.1842346191406,0,0,1,0,7
38.149999999999984,98.20000000000017,-4.508333206176758,333.1842346191406,1,0,0,0,4
38.149999999999984,98.35000000000018,-4.508333206176758,333.1842346191406,1,0,0,0,4
38.149999999999984,98.50000000000018,-5.687281131744385,357.6052551269531,1,0,0,0,4
38.149999999999984,98.65000000000019,-5.687281131744385,357.6052551269531,1,0,0,0,4
38.149999999999984,98.8000000000002,-5.687281131744385,357.6052551269531,1,0,0,0,4
38.149999999999984,98.9500000000002,-5.687281131744385,357.6052551269531,1,0,0,0,4
38.149999999999984,99.10000000000021,-5.262719631195068,368.07366943359375,1,0,0,0,4
38.149999999999984,99.25000000000021,-5.262719631195068,368.07366943359375,1,0,0,0,4
38.149999999999984,99.40000000000022,-5.262719631195068,368.07366943359375,1,0,0,0,4
38.149999999999984,99.55000000000022,-3.0074563026428223,369.34210205078125,1,0,0,0,4
38.149999999999984,99.70000000000023,-3.0074563026428223,369.34210205078125,1,0,0,0,4
38.149999999999984,99.85000000000024,-3.0074563026428223,369.34210205078125,0,0,1,0,7
38.149999999999984,100.00000000000024,-2.5407896041870117,367.5052490234375,1,0,0,0,4
38.149999999999984,100.15000000000025,-2.5407896041870117,367.5052490234375,1,0,0,0,4
38.149999999999984,100.30000000000025,-2.5407896041870117,367.5052490234375,1,0,0,0,4
38.149999999999984,100.45000000000026,-2.5407896041870117,367.5052490234375,1,0,0,0,4
38.149999999999984,100.60000000000026,-0.9723683595657349,342.010498046875,1,0,0,0,4
38.149999999999984,100.75000000000027,-0.9723683595657349,342.010498046875,1,0,0,0,4
38.149999999999984,100.90000000000028,-0.9723683595657349,342.010498046875,1,0,0,0,4
38.149999999999984,101.05000000000028,0.4254385232925415,345.3473815917969,1,0,0,0,4
38.149999999999984,101.20000000000029,0.4254385232925415,345.3473815917969,1,0,0,0,4
38.149999999999984,101.35000000000029,0.4254385232925415,345.3473815917969,1,0,0,0,4
38.149999999999984,101.5000000000003,2.951754570007324,319.463134765625,1,0,0,0,4
38.149999999999984,101.6500000000003,2.951754570007324,319.463134765625,1,0,0,0,4
38.149999999999984,101.80000000000031,2.951754570007324,319.463134765625,1,0,0,0,4
38.149999999999984,101.95000000000032,2.951754570007324,319.463134765625,1,0,0,0,4
38.149999999999984,102.10000000000032,6.814474105834961,219.3473663330078,0,0,0,0,1
38.149999999999984,102.25000000000033,6.814474105834961,219.3473663330078,0,0,0,0,1
38.149999999999984,102.40000000000033,6.814474105834961,219.3473663330078,0,0,1,0,7
38.149999999999984,102.55000000000034,8.901754379272461,153.7315673828125,0,0,0,0,1
38.149999999999984,102.70000000000034,8.901754379272461,153.7315673828125,0,0,0,0,1
38.149999999999984,102.85000000000035,8.901754379272461,153.7315673828125,0,0,1,0,7
38.149999999999984,103.00000000000036,8.987719535827637,149.09999084472656,0,0,1,0,7
38.149999999999984,103.15000000000036,8.987719535827637,149.09999084472656,0,0,1,0,7
38.149999999999984,103.30000000000037,8.987719535827637,149.09999084472656,0,0,0,0,1
38.149999999999984,103.45000000000037,8.987719535827637,149.09999084472656,0,0,1,0,7
38.29999999999998,93.7,3.8197367191314697,45.10525894165039,0,0,1,0,7
38.29999999999998,93.85000000000001,3.8197367191314697,45.10525894165039,0,0,1,0,7
38.29999999999998,94.00000000000001,3.4135966300964355,56.97367858886719,0,0,1,0,7
38.29999999999998,94.15000000000002,3.4135966300964355,56.97367858886719,0,0,1,0,7
38.29999999999998,94.30000000000003,3.4135966300964355,56.97367858886719,0,0,1,0,7
38.29999999999998,94.45000000000003,3.4135966300964355,56.97367858886719,0,0,1,0,7
38.29999999999998,94.60000000000004,0.6811404228210449,92.86315155029297,0,0,1,0,7
38.29999999999998,94.75000000000004,0.6811404228210449,92.86315155029297,0,0,1,0,7
38.29999999999998,94.90000000000005,0.6811404228210449,92.86315155029297,0,0,1,0,7
38.29999999999998,95.05000000000005,-3.295614004135132,155.76315307617188,0,0,1,0,7
38.29999999999998,95.20000000000006,-3.295614004135132,155.76315307617188,0,0,1,0,7
38.29999999999998,95.35000000000007,-3.295614004135132,155.76315307617188,0,0,1,0,7
38.29999999999998,95.50000000000007,-5.634210109710693,204.26840209960938,0,0,1,0,7
38.29999999999998,95.65000000000008,-5.634210109710693,204.26840209960938,0,0,1,0,7
38.29999999999998,95.80000000000008,-5.634210109710693,204.26840209960938,0,0,1,0,7
38.29999999999998,95.95000000000009,-5.634210109710693,204.26840209960938,0,0,1,0,7
38.29999999999998,96.1000000000001,-5.490789413452148,225.55787658691406,1,0,0,0,4
38.29999999999998,96.2500000000001,-5.490789413452148,225.55787658691406,1,0,0,0,4
38.29999999999998,96.4000000000001,-5.490789413452148,225.55787658691406,1,0,0,0,4
38.29999999999998,96.55000000000011,-4.746053218841553,244.6579132080078,0,0,1,0,7
38.29999999999998,96.70000000000012,-4.746053218841553,244.6579132080078,1,0,0,0,4
38.29999999999998,96.85000000000012,-4.746053218841553,244.6579132080078,0,0,1,0,7
38.29999999999998,97.00000000000013,-4.453070163726807,272.5894775390625,0,0,1,0,7
38.29999999999998,97.15000000000013,-4.453070163726807,272.5894775390625,0,0,1,0,7
38.29999999999998,97.30000000000014,-4.453070163726807,272.5894775390625,1,0,0,0,4
38.29999999999998,97.45000000000014,-4.453070163726807,272.5894775390625,0,0,0,1,5
38.29999999999998,97.60000000000015,-4.614912509918213,305.3315734863281,0,0,0,1,5
38.29999999999998,97.75000000000016,-4.614912509918213,305.3315734863281,0,0,0,1,5
38.29999999999998,97.90000000000016,-4.614912509918213,305.3315734863281,1,0,0,0,4
38.29999999999998,98.05000000000017,-4.508333206176758,333.1842346191406,1,0,0,0,4
38.29999999999998,98.20000000000017,-4.508333206176758,333.1842346191406,1,0,0,0,4
38.29999999999998,98.35000000000018,-4.508333206176758,333.1842346191406,1,0,0,0,4
38.29999999999998,98.50000000000018,-5.687281131744385,357.6052551269531,1,0,0,0,4
38.29999999999998,98.65000000000019,-5.687281131744385,357.6052551269531,1,0,0,0,4
38.29999999999998,98.8000000000002,-5.687281131744385,357.6052551269531,1,0,0,0,4
38.29999999999998,98.9500000000002,-5.687281131744385,357.6052551269531,1,0,0,0,4
38.29999999999998,99.10000000000021,-5.262719631195068,368.07366943359375,1,0,0,0,4
38.29999999999998,99.25000000000021,-5.262719631195068,368.07366943359375,1,0,0,0,4
38.29999999999998,99.40000000000022,-5.262719631195068,368.07366943359375,1,0,0,0,4
38.29999999999998,99.55000000000022,-3.0074563026428223,369.34210205078125,1,0,0,0,4
38.29999999999998,99.70000000000023,-3.0074563026428223,369.34210205078125,1,0,0,0,4
38.29999999999998,99.85000000000024,-3.0074563026428223,369.34210205078125,1,0,0,0,4
38.29999999999998,100.00000000000024,-2.5407896041870117,367.5052490234375,0,0,1,0,7
38.29999999999998,100.15000000000025,-2.5407896041870117,367.5052490234375,1,0,0,0,4
38.29999999999998,100.30000000000025,-2.5407896041870117,367.5052490234375,0,0,1,0,7
38.29999999999998,100.45000000000026,-2.5407896041870117,367.5052490234375,0,0,1,0,7
38.29999999999998,100.60000000000026,-0.9723683595657349,342.010498046875,1,0,0,0,4
38.29999999999998,100.75000000000027,-0.9723683595657349,342.010498046875,1,0,0,0,4
38.29999999999998,100.90000000000028,-0.9723683595657349,342.010498046875,0,0,0,0,1
38.29999999999998,101.05000000000028,0.4254385232925415,345.3473815917969,0,0,0,0,1
38.29999999999998,101.20000000000029,0.4254385232925415,345.3473815917969,1,0,0,0,4
38.29999999999998,101.35000000000029,0.4254385232925415,345.3473815917969,1,0,0,0,4
38.29999999999998,101.5000000000003,2.951754570007324,319.463134765625,0,0,0,0,1
38.29999999999998,101.6500000000003,2.951754570007324,319.463134765625,1,0,0,0,4
38.29999999999998,101.80000000000031,2.951754570007324,319.463134765625,1,0,0,0,4
38.29999999999998,101.95000000000032,2.951754570007324,319.463134765625,1,0,0,0,4
38.29999999999998,102.10000000000032,6.814474105834961,219.3473663330078,1,0,0,0,4
38.29999999999998,102.25000000000033,6.814474105834961,219.3473663330078,0,0,1,0,7
38.29999999999998,102.40000000000033,6.814474105834961,219.3473663330078,0,0,1,0,7
38.29999999999998,102.55000000000034,8.901754379272461,153.7315673828125,0,0,1,0,7
38.29999999999998,102.70000000000034,8.901754379272461,153.7315673828125,1,0,0,0,4
38.29999999999998,102.85000000000035,8.901754379272461,153.7315673828125,0,0,1,0,7
38.29999999999998,103.00000000000036,8.987719535827637,149.09999084472656,0,0,1,0,7
38.29999999999998,103.15000000000036,8.987719535827637,149.09999084472656,0,0,1,0,7
38.29999999999998,103.30000000000037,8.987719535827637,149.09999084472656,0,0,1,0,7
38.29999999999998,103.45000000000037,8.987719535827637,149.09999084472656,0,0,1,0,7
38.44999999999998,93.7,3.8197367191314697,45.10525894165039,0,0,1,0,7
38.44999999999998,93.85000000000001,3.8197367191314697,45.10525894165039,0,0,1,0,7
38.44999999999998,94.00000000000001,3.4135966300964355,56.97367858886719,0,0,1,0,7
38.44999999999998,94.15000000000002,3.4135966300964355,56.97367858886719,0,0,1,0,7
38.44999999999998,94.30000000000003,3.4135966300964355,56.97367858886719,0,0,1,0,7
38.44999999999998,94.45000000000003,3.4135966300964355,56.97367858886719,0,0,1,0,7
38.44999999999998,94.60000000000004,0.6811404228210449,92.86315155029297,0,0,1,0,7
38.44999999999998,94.75000000000004,0.6811404228210449,92.86315155029297,0,0,1,0,7
38.44999999999998,94.90000000000005,0.6811404228210449,92.86315155029297,0,0,1,0,7
38.44999999999998,95.05000000000005,-3.295614004135132,155.76315307617188,0,0,1,0,7
38.44999999999998,95.20000000000006,-3.295614004135132,155.76315307617188,0,0,1,0,7
38.44999999999998,95.35000000000007,-3.295614004135132,155.76315307617188,0,0,1,0,7
38.44999999999998,95.50000000000007,-5.634210109710693,204.26840209960938,1,0,0,0,4
38.44999999999998,95.65000000000008,-5.634210109710693,204.26840209960938,1,0,0,0,4
38.44999999999998,95.80000000000008,-5.634210109710693,204.26840209960938,0,0,1,0,7
38.44999999999998,95.95000000000009,-5.634210109710693,204.26840209960938,0,0,1,0,7
38.44999999999998,96.1000000000001,-5.490789413452148,225.55787658691406,0,0,1,0,7
38.44999999999998,96.2500000000001,-5.490789413452148,225.55787658691406,0,0,1,0,7
38.44999999999998,96.4000000000001,-5.490789413452148,225.55787658691406,0,0,1,0,7
38.44999999999998,96.55000000000011,-4.746053218841553,244.6579132080078,0,0,1,0,7
38.44999999999998,96.70000000000012,-4.746053218841553,244.6579132080078,0,0,1,0,7
38.44999999999998,96.85000000000012,-4.746053218841553,244.6579132080078,1,0,0,0,4
38.44999999999998,97.00000000000013,-4.453070163726807,272.5894775390625,0,0,1,0,7
38.44999999999998,97.15000000000013,-4.453070163726807,272.5894775390625,1,0,0,0,4
38.44999999999998,97.30000000000014,-4.453070163726807,272.5894775390625,1,0,0,0,4
38.44999999999998,97.45000000000014,-4.453070163726807,272.5894775390625,1,0,0,0,4
38.44999999999998,97.60000000000015,-4.614912509918213,305.3315734863281,1,0,0,0,4
38.44999999999998,97.75000000000016,-4.614912509918213,305.3315734863281,0,0,0,0,6
38.44999999999998,97.90000000000016,-4.614912509918213,305.3315734863281,0,0,1,0,7
38.44999999999998,98.05000000000017,-4.508333206176758,333.1842346191406,1,0,0,0,4
38.44999999999998,98.20000000000017,-4.508333206176758,333.1842346191406,1,0,0,0,4
38.44999999999998,98.35000000000018,-4.508333206176758,333.1842346191406,1,0,0,0,4
38.44999999999998,98.50000000000018,-5.687281131744385,357.6052551269531,1,0,0,0,4
38.44999999999998,98.65000000000019,-5.687281131744385,357.6052551269531,1,0,0,0,4
38.44999999999998,98.8000000000002,-5.687281131744385,357.6052551269531,1,0,0,0,4
38.44999999999998,98.9500000000002,-5.687281131744385,357.6052551269531,1,0,0,0,4
38.44999999999998,99.10000000000021,-5.262719631195068,368.07366943359375,1,0,0,0,4
38.44999999999998,99.25000000000021,-5.262719631195068,368.07366943359375,1,0,0,0,4
38.44999999999998,99.40000000000022,-5.262719631195068,368.07366943359375,0,0,1,0,7
38.44999999999998,99.55000000000022,-3.0074563026428223,369.34210205078125,1,0,0,0,4
38.44999999999998,99.70000000000023,-3.0074563026428223,369.34210205078125,1,0,0,0,4
38.44999999999998,99.85000000000024,-3.0074563026428223,369.34210205078125,1,0,0,0,4
38.44999999999998,100.00000000000024,-2.5407896041870117,367.5052490234375,1,0,0,0,4
38.44999999999998,100.15000000000025,-2.5407896041870117,367.5052490234375,1,0,0,0,4
38.44999999999998,100.30000000000025,-2.5407896041870117,367.5052490234375,1,0,0,0,4
38.44999999999998,100.45000000000026,-2.5407896041870117,367.5052490234375,1,0,0,0,4
38.44999999999998,100.60000000000026,-0.9723683595657349,342.010498046875,1,0,0,0,4
38.44999999999998,100.75000000000027,-0.9723683595657349,342.010498046875,0,0,0,0,1
38.44999999999998,100.90000000000028,-0.9723683595657349,342.010498046875,1,0,0,0,4
38.44999999999998,101.05000000000028,0.4254385232925415,345.3473815917969,1,0,0,0,4
38.44999999999998,101.20000000000029,0.4254385232925415,345.3473815917969,1,0,0,0,4
38.44999999999998,101.35000000000029,0.4254385232925415,345.3473815917969,1,0,0,0,4
38.44999999999998,101.5000000000003,2.951754570007324,319.463134765625,1,0,0,0,4
38.44999999999998,101.6500000000003,2.951754570007324,319.463134765625,1,0,0,0,4
38.44999999999998,101.80000000000031,2.951754570007324,319.463134765625,1,0,0,0,4
38.44999999999998,101.95000000000032,2.951754570007324,319.463134765625,1,0,0,0,4
38.44999999999998,102.10000000000032,6.814474105834961,219.3473663330078,0,0,1,0,7
38.44999999999998,102.25000000000033,6.814474105834961,219.3473663330078,0,0,0,0,1
38.44999999999998,102.40000000000033,6.814474105834961,219.3473663330078,0,0,1,0,7
38.44999999999998,102.55000000000034,8.901754379272461,153.7315673828125,0,0,1,0,7
38.44999999999998,102.70000000000034,8.901754379272461,153.7315673828125,0,0,1,0,7
38.44999999999998,102.85000000000035,8.901754379272461,153.7315673828125,0,0,1,0,7
38.44999999999998,103.00000000000036,8.987719535827637,149.09999084472656,0,0,1,0,7
38.44999999999998,103.15000000000036,8.987719535827637,149.09999084472656,0,0,1,0,7
38.44999999999998,103.30000000000037,8.987719535827637,149.09999084472656,0,0,1,0,7
38.44999999999998,103.45000000000037,8.987719535827637,149.09999084472656,0,0,1,0,7
38.59999999999998,93.7,1.8302632570266724,62.773681640625,0,0,1,0,7
38.59999999999998,93.85000000000001,1.8302632570266724,62.773681640625,0,0,1,0,7
38.59999999999998,94.00000000000001,1.8114033937454224,70.0789566040039,0,0,1,0,7
38.59999999999998,94.15000000000002,1.8114033937454224,70.0789566040039,0,0,1,0,7
38.59999999999998,94.30000000000003,1.8114033937454224,70.0789566040039,0,0,1,0,7
38.59999999999998,94.45000000000003,1.8114033937454224,70.0789566040039,0,0,1,0,7
38.59999999999998,94.60000000000004,1.3153510093688965,89.65262603759766,0,0,1,0,7
38.59999999999998,94.75000000000004,1.3153510093688965,89.65262603759766,0,0,1,0,7
38.59999999999998,94.90000000000005,1.3153510093688965,89.65262603759766,0,0,1,0,7
38.59999999999998,95.05000000000005,-0.5333333015441895,123.54736328125,0,0,1,0,7
38.59999999999998,95.20000000000006,-0.5333333015441895,123.54736328125,0,0,1,0,7
38.59999999999998,95.35000000000007,-0.5333333015441895,123.54736328125,1,0,0,0,4
38.59999999999998,95.50000000000007,-2.9276320934295654,163.55264282226562,1,0,0,0,4
38.59999999999998,95.65000000000008,-2.9276320934295654,163.55264282226562,0,0,1,0,7
38.59999999999998,95.80000000000008,-2.9276320934295654,163.55264282226562,0,0,1,0,7
38.59999999999998,95.95000000000009,-2.9276320934295654,163.55264282226562,0,0,1,0,7
38.59999999999998,96.1000000000001,-2.202631950378418,183.05264282226562,0,0,1,0,7
38.59999999999998,96.2500000000001,-2.202631950378418,183.05264282226562,0,0,1,0,7
38.59999999999998,96.4000000000001,-2.202631950378418,183.05264282226562,0,0,1,0,7
38.59999999999998,96.55000000000011,-2.986403465270996,215.69471740722656,1,0,0,0,4
38.59999999999998,96.70000000000012,-2.986403465270996,215.69471740722656,1,0,0,0,4
38.59999999999998,96.85000000000012,-2.986403465270996,215.69471740722656,1,0,0,0,4
38.59999999999998,97.00000000000013,-5.229386329650879,268.915771484375,1,0,0,0,4
38.59999999999998,97.15000000000013,-5.229386329650879,268.915771484375,0,0,1,0,7
38.59999999999998,97.30000000000014,-5.229386329650879,268.915771484375,0,0,1,0,7
38.59999999999998,97.45000000000014,-5.229386329650879,268.915771484375,1,0,0,0,4
38.59999999999998,97.60000000000015,-4.99912166595459,295.2315979003906,0,0,1,0,7
38.59999999999998,97.75000000000016,-4.99912166595459,295.2315979003906,0,0,0,0,6
38.59999999999998,97.90000000000016,-4.99912166595459,295.2315979003906,1,0,0,0,4
38.59999999999998,98.05000000000017,-3.8714911937713623,314.7157897949219,1,0,0,0,4
38.59999999999998,98.20000000000017,-3.8714911937713623,314.7157897949219,1,0,0,0,4
38.59999999999998,98.35000000000018,-3.8714911937713623,314.7157897949219,1,0,0,0,4
38.59999999999998,98.50000000000018,-4.850438594818115,334.52105712890625,0,0,1,0,7
38.59999999999998,98.65000000000019,-4.850438594818115,334.52105712890625,1,0,0,0,4
38.59999999999998,98.8000000000002,-4.850438594818115,334.52105712890625,1,0,0,0,4
38.59999999999998,98.9500000000002,-4.850438594818115,334.52105712890625,0,0,1,0,7
38.59999999999998,99.10000000000021,-4.426754474639893,329.9263610839844,0,0,1,0,7
38.59999999999998,99.25000000000021,-4.426754474639893,329.9263610839844,1,0,0,0,4
38.59999999999998,99.40000000000022,-4.426754474639893,329.9263610839844,1,0,0,0,4
38.59999999999998,99.55000000000022,-1.513596534729004,283.5368347167969,1,0,0,0,4
38.59999999999998,99.70000000000023,-1.513596534729004,283.5368347167969,1,0,0,0,4
38.59999999999998,99.85000000000024,-1.513596534729004,283.5368347167969,1,0,0,0,4
38.59999999999998,100.00000000000024,2.9513156414031982,205.1052703857422,1,0,0,0,4
38.59999999999998,100.15000000000025,2.9513156414031982,205.1052703857422,1,0,0,0,4
38.59999999999998,100.30000000000025,2.9513156414031982,205.1052703857422,1,0,0,0,4
38.59999999999998,100.45000000000026,2.9513156414031982,205.1052703857422,1,0,0,0,4
38.59999999999998,100.60000000000026,5.480263710021973,170.15789794921875,0,0,0,0,1
38.59999999999998,100.75000000000027,5.480263710021973,170.15789794921875,0,0,0,0,1
38.59999999999998,100.90000000000028,5.480263710021973,170.15789794921875,1,0,0,0,4
38.59999999999998,101.05000000000028,4.758772373199463,179.55264282226562,1,0,0,0,4
38.59999999999998,101.20000000000029,4.758772373199463,179.55264282226562,0,0,0,0,1
38.59999999999998,101.35000000000029,4.758772373199463,179.55264282226562,1,0,0,0,4
38.59999999999998,101.5000000000003,5.358771800994873,191.17893981933594,1,0,0,0,4
38.59999999999998,101.6500000000003,5.358771800994873,191.17893981933594,1,0,0,0,4
38.59999999999998,101.80000000000031,5.358771800994873,191.17893981933594,1,0,0,0,4
38.59999999999998,101.95000000000032,5.358771800994873,191.17893981933594,1,0,0,0,4
38.59999999999998,102.10000000000032,8.685965538024902,142.96839904785156,0,0,1,0,7
38.59999999999998,102.25000000000033,8.685965538024902,142.96839904785156,0,0,0,0,1
38.59999999999998,102.40000000000033,8.685965538024902,142.96839904785156,0,0,0,0,1
38.59999999999998,102.55000000000034,9.079386711120605,127.6052474975586,0,0,0,0,1
38.59999999999998,102.70000000000034,9.079386711120605,127.6052474975586,0,0,1,0,7
38.59999999999998,102.85000000000035,9.079386711120605,127.6052474975586,0,0,1,0,7
38.59999999999998,103.00000000000036,9.78684139251709,121.43157958984375,0,0,0,0,1
38.59999999999998,103.15000000000036,9.78684139251709,121.43157958984375,0,0,0,0,1
38.59999999999998,103.30000000000037,9.78684139251709,121.43157958984375,0,0,0,0,1
38.59999999999998,103.45000000000037,9.78684139251709,121.43157958984375,0,0,1,0,7
38.74999999999998,93.7,1.8302632570266724,62.773681640625,0,0,1,0,7
38.74999999999998,93.85000000000001,1.8302632570266724,62.773681640625,0,0,1,0,7
38.74999999999998,94.00000000000001,1.8114033937454224,70.0789566040039,0,0,1,0,7
38.74999999999998,94.15000000000002,1.8114033937454224,70.0789566040039,0,0,1,0,7
38.74999999999998,94.30000000000003,1.8114033937454224,70.0789566040039,0,0,1,0,7
38.74999999999998,94.45000000000003,1.8114033937454224,70.0789566040039,0,0,1,0,7
38.74999999999998,94.60000000000004,1.3153510093688965,89.65262603759766,0,0,1,0,7
38.74999999999998,94.75000000000004,1.3153510093688965,89.65262603759766,0,0,1,0,7
38.74999999999998,94.90000000000005,1.3153510093688965,89.65262603759766,0,0,1,0,7
38.74999999999998,95.05000000000005,-0.5333333015441895,123.54736328125,0,0,1,0,7
38.74999999999998,95.20000000000006,-0.5333333015441895,123.54736328125,0,0,1,0,7
38.74999999999998,95.35000000000007,-0.5333333015441895,123.54736328125,0,0,1,0,7
38.74999999999998,95.50000000000007,-2.9276320934295654,163.55264282226562,0,0,1,0,7
38.74999999999998,95.65000000000008,-2.9276320934295654,163.55264282226562,0,0,1,0,7
38.74999999999998,95.80000000000008,-2.9276320934295654,163.55264282226562,0,0,1,0,7
38.74999999999998,95.95000000000009,-2.9276320934295654,163.55264282226562,0,0,1,0,7
38.74999999999998,96.1000000000001,-2.202631950378418,183.05264282226562,0,0,1,0,7
38.74999999999998,96.2500000000001,-2.202631950378418,183.05264282226562,1,0,0,0,4
38.74999999999998,96.4000000000001,-2.202631950378418,183.05264282226562,0,0,1,0,7
38.74999999999998,96.55000000000011,-2.986403465270996,215.69471740722656,0,0,1,0,7
38.74999999999998,96.70000000000012,-2.986403465270996,215.69471740722656,1,0,0,0,4
38.74999999999998,96.85000000000012,-2.986403465270996,215.69471740722656,1,0,0,0,4
38.74999999999998,97.00000000000013,-5.229386329650879,268.915771484375,0,0,1,0,7
38.74999999999998,97.15000000000013,-5.229386329650879,268.915771484375,1,0,0,0,4
38.74999999999998,97.30000000000014,-5.229386329650879,268.915771484375,0,0,1,0,7
38.74999999999998,97.45000000000014,-5.229386329650879,268.915771484375,1,0,0,0,4
38.74999999999998,97.60000000000015,-4.99912166595459,295.2315979003906,0,0,1,0,7
38.74999999999998,97.75000000000016,-4.99912166595459,295.2315979003906,1,0,0,0,4
38.74999999999998,97.90000000000016,-4.99912166595459,295.2315979003906,1,0,0,0,4
38.74999999999998,98.05000000000017,-3.8714911937713623,314.7157897949219,1,0,0,0,4
38.74999999999998,98.20000000000017,-3.8714911937713623,314.7157897949219,1,0,0,0,4
38.74999999999998,98.35000000000018,-3.8714911937713623,314.7157897949219,1,0,0,0,4
38.74999999999998,98.50000000000018,-4.850438594818115,334.52105712890625,1,0,0,0,4
38.74999999999998,98.65000000000019,-4.850438594818115,334.52105712890625,1,0,0,0,4
38.74999999999998,98.8000000000002,-4.850438594818115,334.52105712890625,1,0,0,0,4
38.74999999999998,98.9500000000002,-4.850438594818115,334.52105712890625,1,0,0,0,4
38.74999999999998,99.10000000000021,-4.426754474639893,329.9263610839844,1,0,0,0,4
38.74999999999998,99.25000000000021,-4.426754474639893,329.9263610839844,1,0,0,0,4
38.74999999999998,99.40000000000022,-4.426754474639893,329.9263610839844,1,0,0,0,4
38.74999999999998,99.55000000000022,-1.513596534729004,283.5368347167969,1,0,0,0,4
38.74999999999998,99.70000000000023,-1.513596534729004,283.5368347167969,0,1,0,0,2
38.74999999999998,99.85000000000024,-1.513596534729004,283.5368347167969,1,0,0,0,4
38.74999999999998,100.00000000000024,2.9513156414031982,205.1052703857422,1,0,0,0,4
38.74999999999998,100.15000000000025,2.9513156414031982,205.1052703857422,1,0,0,0,4
38.74999999999998,100.30000000000025,2.9513156414031982,205.1052703857422,1,0,0,0,4
38.74999999999998,100.45000000000026,2.9513156414031982,205.1052703857422,0,0,0,0,1
38.74999999999998,100.60000000000026,5.480263710021973,170.15789794921875,0,0,0,0,1
38.74999999999998,100.75000000000027,5.480263710021973,170.15789794921875,1,0,0,0,4
38.74999999999998,100.90000000000028,5.480263710021973,170.15789794921875,1,0,0,0,4
38.74999999999998,101.05000000000028,4.758772373199463,179.55264282226562,1,0,0,0,4
38.74999999999998,101.20000000000029,4.758772373199463,179.55264282226562,1,0,0,0,4
38.74999999999998,101.35000000000029,4.758772373199463,179.55264282226562,1,0,0,0,4
38.74999999999998,101.5000000000003,5.358771800994873,191.17893981933594,1,0,0,0,4
38.74999999999998,101.6500000000003,5.358771800994873,191.17893981933594,1,0,0,0,4
38.74999999999998,101.80000000000031,5.358771800994873,191.17893981933594,1,0,0,0,4
38.74999999999998,101.95000000000032,5.358771800994873,191.17893981933594,0,0,1,0,7
38.74999999999998,102.10000000000032,8.685965538024902,142.96839904785156,0,0,1,0,7
38.74999999999998,102.25000000000033,8.685965538024902,142.96839904785156,0,0,1,0,7
38.74999999999998,102.40000000000033,8.685965538024902,142.96839904785156,0,0,1,0,7
38.74999999999998,102.55000000000034,9.079386711120605,127.6052474975586,0,0,1,0,7
38.74999999999998,102.70000000000034,9.079386711120605,127.6052474975586,0,0,1,0,7
38.74999999999998,102.85000000000035,9.079386711120605,127.6052474975586,0,0,1,0,7
38.74999999999998,103.00000000000036,9.78684139251709,121.43157958984375,0,0,1,0,7
38.74999999999998,103.15000000000036,9.78684139251709,121.43157958984375,0,0,1,0,7
38.74999999999998,103.30000000000037,9.78684139251709,121.43157958984375,0,0,0,0,1
38.74999999999998,103.45000000000037,9.78684139251709,121.43157958984375,0,0,1,0,7
38.89999999999998,93.7,1.8302632570266724,62.773681640625,0,0,1,0,7
38.89999999999998,93.85000000000001,1.8302632570266724,62.773681640625,0,0,1,0,7
38.89999999999998,94.00000000000001,1.8114033937454224,70.0789566040039,0,0,0,1,5
38.89999999999998,94.15000000000002,1.8114033937454224,70.0789566040039,1,0,0,0,4
38.89999999999998,94.30000000000003,1.8114033937454224,70.0789566040039,1,0,0,0,4
38.89999999999998,94.45000000000003,1.8114033937454224,70.0789566040039,0,0,1,0,7
38.89999999999998,94.60000000000004,1.3153510093688965,89.65262603759766,0,0,1,0,7
38.89999999999998,94.75000000000004,1.3153510093688965,89.65262603759766,0,0,1,0,7
38.89999999999998,94.90000000000005,1.3153510093688965,89.65262603759766,0,0,1,0,7
38.89999999999998,95.05000000000005,-0.5333333015441895,123.54736328125,0,0,1,0,7
38.89999999999998,95.20000000000006,-0.5333333015441895,123.54736328125,0,0,1,0,7
38.89999999999998,95.35000000000007,-0.5333333015441895,123.54736328125,0,0,1,0,7
38.89999999999998,95.50000000000007,-2.9276320934295654,163.55264282226562,0,0,1,0,7
38.89999999999998,95.65000000000008,-2.9276320934295654,163.55264282226562,0,0,1,0,7
38.89999999999998,95.80000000000008,-2.9276320934295654,163.55264282226562,1,0,0,0,4
38.89999999999998,95.95000000000009,-2.9276320934295654,163.55264282226562,0,0,1,0,7
38.89999999999998,96.1000000000001,-2.202631950378418,183.05264282226562,0,0,1,0,7
38.89999999999998,96.2500000000001,-2.202631950378418,183.05264282226562,0,0,1,0,7
38.89999999999998,96.4000000000001,-2.202631950378418,183.05264282226562,1,0,0,0,4
38.89999999999998,96.55000000000011,-2.986403465270996,215.69471740722656,1,0,0,0,4
38.89999999999998,96.70000000000012,-2.986403465270996,215.69471740722656,1,0,0,0,4
38.89999999999998,96.85000000000012,-2.986403465270996,215.69471740722656,1,0,0,0,4
38.89999999999998,97.00000000000013,-5.229386329650879,268.915771484375,0,0,1,0,7
38.89999999999998,97.15000000000013,-5.229386329650879,268.915771484375,0,0,1,0,7
38.89999999999998,97.30000000000014,-5.229386329650879,268.915771484375,0,0,1,0,7
38.89999999999998,97.45000000000014,-5.229386329650879,268.915771484375,1,0,0,0,4
38.89999999999998,97.60000000000015,-4.99912166595459,295.2315979003906,1,0,0,0,4
38.89999999999998,97.75000000000016,-4.99912166595459,295.2315979003906,1,0,0,0,4
38.89999999999998,97.90000000000016,-4.99912166595459,295.2315979003906,0,0,1,0,7
38.89999999999998,98.05000000000017,-3.8714911937713623,314.7157897949219,1,0,0,0,4
38.89999999999998,98.20000000000017,-3.8714911937713623,314.7157897949219,1,0,0,0,4
38.89999999999998,98.35000000000018,-3.8714911937713623,314.7157897949219,1,0,0,0,4
38.89999999999998,98.50000000000018,-4.850438594818115,334.52105712890625,1,0,0,0,4
38.89999999999998,98.65000000000019,-4.850438594818115,334.52105712890625,1,0,0,0,4
38.89999999999998,98.8000000000002,-4.850438594818115,334.52105712890625,1,0,0,0,4
38.89999999999998,98.9500000000002,-4.850438594818115,334.52105712890625,1,0,0,0,4
38.89999999999998,99.10000000000021,-4.426754474639893,329.9263610839844,1,0,0,0,4
38.89999999999998,99.25000000000021,-4.426754474639893,329.9263610839844,1,0,0,0,4
38.89999999999998,99.40000000000022,-4.426754474639893,329.9263610839844,0,0,1,0,7
38.89999999999998,99.55000000000022,-1.513596534729004,283.5368347167969,1,0,0,0,4
38.89999999999998,99.70000000000023,-1.513596534729004,283.5368347167969,1,0,0,0,4
38.89999999999998,99.85000000000024,-1.513596534729004,283.5368347167969,1,0,0,0,4
38.89999999999998,100.00000000000024,2.9513156414031982,205.1052703857422,1,0,0,0,4
38.89999999999998,100.15000000000025,2.9513156414031982,205.1052703857422,1,0,0,0,4
38.89999999999998,100.30000000000025,2.9513156414031982,205.1052703857422,0,0,1,0,7
38.89999999999998,100.45000000000026,2.9513156414031982,205.1052703857422,0,0,0,0,1
38.89999999999998,100.60000000000026,5.480263710021973,170.15789794921875,0,0,0,0,1
38.89999999999998,100.75000000000027,5.480263710021973,170.15789794921875,0,0,1,0,7
38.89999999999998,100.90000000000028,5.480263710021973,170.15789794921875,1,0,0,0,4
38.89999999999998,101.05000000000028,4.758772373199463,179.55264282226562,1,0,0,0,4
38.89999999999998,101.20000000000029,4.758772373199463,179.55264282226562,1,0,0,0,4
38.89999999999998,101.35000000000029,4.758772373199463,179.55264282226562,1,0,0,0,4
38.89999999999998,101.5000000000003,5.358771800994873,191.17893981933594,0,0,1,0,7
38.89999999999998,101.6500000000003,5.358771800994873,191.17893981933594,0,0,1,0,7
38.89999999999998,101.80000000000031,5.358771800994873,191.17893981933594,0,0,1,0,7
38.89999999999998,101.95000000000032,5.358771800994873,191.17893981933594,0,0,1,0,7
38.89999999999998,102.10000000000032,8.685965538024902,142.96839904785156,0,0,1,0,7
38.89999999999998,102.25000000000033,8.685965538024902,142.96839904785156,0,0,1,0,7
38.89999999999998,102.40000000000033,8.685965538024902,142.96839904785156,0,0,1,0,7
38.89999999999998,102.55000000000034,9.079386711120605,127.6052474975586,0,0,1,0,7
38.89999999999998,102.70000000000034,9.079386711120605,127.6052474975586,0,0,1,0,7
38.89999999999998,102.85000000000035,9.079386711120605,127.6052474975586,0,0,1,0,7
38.89999999999998,103.00000000000036,9.78684139251709,121.43157958984375,0,0,1,0,7
38.89999999999998,103.15000000000036,9.78684139251709,121.43157958984375,0,0,1,0,7
38.89999999999998,103.30000000000037,9.78684139251709,121.43157958984375,0,0,1,0,7
38.89999999999998,103.45000000000037,9.78684139251709,121.43157958984375,0,0,1,0,7
39.049999999999976,93.7,-2.1640350818634033,103.43157958984375,0,0,1,0,7
39.049999999999976,93.85000000000001,-2.1640350818634033,103.43157958984375,0,0,1,0,7
39.049999999999976,94.00000000000001,1.4223685264587402,78.3105239868164,0,0,1,0,7
39.049999999999976,94.15000000000002,1.4223685264587402,78.3105239868164,0,0,1,0,7
39.049999999999976,94.30000000000003,1.4223685264587402,78.3105239868164,0,0,1,0,7
39.049999999999976,94.45000000000003,1.4223685264587402,78.3105239868164,0,0,1,0,7
39.049999999999976,94.60000000000004,-0.538596510887146,106.33684539794922,0,0,1,0,7
39.049999999999976,94.75000000000004,-0.538596510887146,106.33684539794922,0,0,1,0,7
39.049999999999976,94.90000000000005,-0.538596510887146,106.33684539794922,0,0,1,0,7
39.049999999999976,95.05000000000005,-1.7307018041610718,133.3000030517578,0,0,1,0,7
39.049999999999976,95.20000000000006,-1.7307018041610718,133.3000030517578,0,0,1,0,7
39.049999999999976,95.35000000000007,-1.7307018041610718,133.3000030517578,0,0,1,0,7
39.049999999999976,95.50000000000007,-1.2995613813400269,144.0579071044922,0,0,1,0,7
39.049999999999976,95.65000000000008,-1.2995613813400269,144.0579071044922,1,0,0,0,4
39.049999999999976,95.80000000000008,-1.2995613813400269,144.0579071044922,0,0,1,0,7
39.049999999999976,95.95000000000009,-1.2995613813400269,144.0579071044922,1,0,0,0,4
39.049999999999976,96.1000000000001,-3.239912509918213,181.8210906982422,0,0,1,0,7
39.049999999999976,96.2500000000001,-3.239912509918213,181.8210906982422,0,0,1,0,7
39.049999999999976,96.4000000000001,-3.239912509918213,181.8210906982422,1,0,0,0,4
39.049999999999976,96.55000000000011,-3.6741228103637695,209.12631225585938,1,0,0,0,4
39.049999999999976,96.70000000000012,-3.6741228103637695,209.12631225585938,1,0,0,0,4
39.049999999999976,96.85000000000012,-3.6741228103637695,209.12631225585938,1,0,0,0,4
39.049999999999976,97.00000000000013,-2.872807264328003,223.6947479248047,1,0,0,0,4
39.049999999999976,97.15000000000013,-2.872807264328003,223.6947479248047,1,0,0,0,4
39.049999999999976,97.30000000000014,-2.872807264328003,223.6947479248047,1,0,0,0,4
39.049999999999976,97.45000000000014,-2.872807264328003,223.6947479248047,1,0,0,0,4
39.049999999999976,97.60000000000015,-3.6714911460876465,256.02630615234375,0,0,1,0,7
39.049999999999976,97.75000000000016,-3.6714911460876465,256.02630615234375,1,0,0,0,4
39.049999999999976,97.90000000000016,-3.6714911460876465,256.02630615234375,1,0,0,0,4
39.049999999999976,98.05000000000017,-3.807894706726074,275.8368225097656,1,0,0,0,4
39.049999999999976,98.20000000000017,-3.807894706726074,275.8368225097656,0,0,1,0,7
39.049999999999976,98.35000000000018,-3.807894706726074,275.8368225097656,1,0,0,0,4
39.049999999999976,98.50000000000018,-1.5991227626800537,265.5421142578125,1,0,0,0,4
39.049999999999976,98.65000000000019,-1.5991227626800537,265.5421142578125,1,0,0,0,4
39.049999999999976,98.8000000000002,-1.5991227626800537,265.5421142578125,0,0,1,0,7
39.049999999999976,98.9500000000002,-1.5991227626800537,265.5421142578125,0,0,1,0,7
39.049999999999976,99.10000000000021,2.829385757446289,221.5,1,0,0,0,4
39.049999999999976,99.25000000000021,2.829385757446289,221.5,1,0,0,0,4
39.049999999999976,99.40000000000022,2.829385757446289,221.5,1,0,0,0,4
39.049999999999976,99.55000000000022,4.945613861083984,179.0894775390625,1,0,0,0,4
39.049999999999976,99.70000000000023,4.945613861083984,179.0894775390625,1,0,0,0,4
39.049999999999976,99.85000000000024,4.945613861083984,179.0894775390625,1,0,0,0,4
39.049999999999976,100.00000000000024,8.144298553466797,132.0631561279297,1,0,0,0,4
39.049999999999976,100.15000000000025,8.144298553466797,132.0631561279297,0,0,0,0,1
39.049999999999976,100.30000000000025,8.144298553466797,132.0631561279297,0,0,0,0,1
39.049999999999976,100.45000000000026,8.144298553466797,132.0631561279297,0,0,0,0,1
39.049999999999976,100.60000000000026,6.60614013671875,102.72105407714844,1,0,0,0,4
39.049999999999976,100.75000000000027,6.60614013671875,102.72105407714844,1,0,0,0,4
39.049999999999976,100.90000000000028,6.60614013671875,102.72105407714844,1,0,0,0,4
39.049999999999976,101.05000000000028,8.353070259094238,108.03158569335938,0,0,1,0,7
39.049999999999976,101.20000000000029,8.353070259094238,108.03158569335938,0,0,1,0,7
39.049999999999976,101.35000000000029,8.353070259094238,108.03158569335938,0,0,1,0,7
39.049999999999976,101.5000000000003,8.804386138916016,117.02104949951172,0,0,1,0,7
39.049999999999976,101.6500000000003,8.804386138916016,117.02104949951172,0,0,1,0,7
39.049999999999976,101.80000000000031,8.804386138916016,117.02104949951172,0,0,1,0,7
39.049999999999976,101.95000000000032,8.804386138916016,117.02104949951172,0,0,1,0,7
39.049999999999976,102.10000000000032,7.813597202301025,118.1052474975586,0,0,1,0,7
39.049999999999976,102.25000000000033,7.813597202301025,118.1052474975586,0,0,1,0,7
39.049999999999976,102.40000000000033,7.813597202301025,118.1052474975586,0,0,1,0,7
39.049999999999976,102.55000000000034,8.778948783874512,105.45789337158203,0,0,1,0,7
39.049999999999976,102.70000000000034,8.778948783874512,105.45789337158203,0,0,1,0,7
39.049999999999976,102.85000000000035,8.778948783874512,105.45789337158203,0,0,1,0,7
39.049999999999976,103.00000000000036,9.007895469665527,104.76315307617188,0,0,1,0,7
39.049999999999976,103.15000000000036,9.007895469665527,104.76315307617188,0,0,1,0,7
39.049999999999976,103.30000000000037,9.007895469665527,104.76315307617188,0,0,1,0,7
39.049999999999976,103.45000000000037,9.007895469665527,104.76315307617188,0,0,1,0,7
39.199999999999974,93.7,-2.1640350818634033,103.43157958984375,0,0,1,0,7
39.199999999999974,93.85000000000001,-2.1640350818634033,103.43157958984375,0,0,1,0,7
39.199999999999974,94.00000000000001,1.4223685264587402,78.3105239868164,0,0,1,0,7
39.199999999999974,94.15000000000002,1.4223685264587402,78.3105239868164,0,0,1,0,7
39.199999999999974,94.30000000000003,1.4223685264587402,78.3105239868164,0,0,1,0,7
39.199999999999974,94.45000000000003,1.4223685264587402,78.3105239868164,0,0,1,0,7
39.199999999999974,94.60000000000004,-0.538596510887146,106.33684539794922,0,0,1,0,7
39.199999999999974,94.75000000000004,-0.538596510887146,106.33684539794922,0,0,1,0,7
39.199999999999974,94.90000000000005,-0.538596510887146,106.33684539794922,0,0,1,0,7
39.199999999999974,95.05000000000005,-1.7307018041610718,133.3000030517578,0,0,1,0,7
39.199999999999974,95.20000000000006,-1.7307018041610718,133.3000030517578,0,0,1,0,7
39.199999999999974,95.35000000000007,-1.7307018041610718,133.3000030517578,0,0,1,0,7
39.199999999999974,95.50000000000007,-1.2995613813400269,144.0579071044922,1,0,0,0,4
39.199999999999974,95.65000000000008,-1.2995613813400269,144.0579071044922,0,0,1,0,7
39.199999999999974,95.80000000000008,-1.2995613813400269,144.0579071044922,0,0,1,0,7
39.199999999999974,95.95000000000009,-1.2995613813400269,144.0579071044922,0,0,1,0,7
39.199999999999974,96.1000000000001,-3.239912509918213,181.8210906982422,0,0,1,0,7
39.199999999999974,96.2500000000001,-3.239912509918213,181.8210906982422,0,0,1,0,7
39.199999999999974,96.4000000000001,-3.239912509918213,181.8210906982422,1,0,0,0,4
39.199999999999974,96.55000000000011,-3.6741228103637695,209.12631225585938,0,0,1,0,7
39.199999999999974,96.70000000000012,-3.6741228103637695,209.12631225585938,0,0,1,0,7
39.199999999999974,96.85000000000012,-3.6741228103637695,209.12631225585938,0,0,1,0,7
39.199999999999974,97.00000000000013,-2.872807264328003,223.6947479248047,0,0,1,0,7
39.199999999999974,97.15000000000013,-2.872807264328003,223.6947479248047,0,0,1,0,7
39.199999999999974,97.30000000000014,-2.872807264328003,223.6947479248047,0,0,1,0,7
39.199999999999974,97.45000000000014,-2.872807264328003,223.6947479248047,1,0,0,0,4
39.199999999999974,97.60000000000015,-3.6714911460876465,256.02630615234375,1,0,0,0,4
39.199999999999974,97.75000000000016,-3.6714911460876465,256.02630615234375,1,0,0,0,4
39.199999999999974,97.90000000000016,-3.6714911460876465,256.02630615234375,1,0,0,0,4
39.199999999999974,98.05000000000017,-3.807894706726074,275.8368225097656,1,0,0,0,4
39.199999999999974,98.20000000000017,-3.807894706726074,275.8368225097656,0,0,1,0,7
39.199999999999974,98.35000000000018,-3.807894706726074,275.8368225097656,0,0,1,0,7
39.199999999999974,98.50000000000018,-1.5991227626800537,265.5421142578125,0,0,1,0,7
39.199999999999974,98.65000000000019,-1.5991227626800537,265.5421142578125,0,0,1,0,7
39.199999999999974,98.8000000000002,-1.5991227626800537,265.5421142578125,1,0,0,0,4
39.199999999999974,98.9500000000002,-1.5991227626800537,265.5421142578125,0,0,1,0,7
39.199999999999974,99.10000000000021,2.829385757446289,221.5,1,0,0,0,4
39.199999999999974,99.25000000000021,2.829385757446289,221.5,0,0,1,0,7
39.199999999999974,99.40000000000022,2.829385757446289,221.5,1,0,0,0,4
39.199999999999974,99.55000000000022,4.945613861083984,179.0894775390625,1,0,0,0,4
39.199999999999974,99.70000000000023,4.945613861083984,179.0894775390625,1,0,0,0,4
39.199999999999974,99.85000000000024,4.945613861083984,179.0894775390625,0,0,1,0,7
39.199999999999974,100.00000000000024,8.144298553466797,132.0631561279297,0,0,0,0,1
39.199999999999974,100.15000000000025,8.144298553466797,132.0631561279297,0,0,0,0,1
39.199999999999974,100.30000000000025,8.144298553466797,132.0631561279297,0,0,0,0,1
39.199999999999974,100.45000000000026,8.144298553466797,132.0631561279297,0,0,1,0,7
39.199999999999974,100.60000000000026,6.60614013671875,102.72105407714844,0,0,1,0,7
39.199999999999974,100.75000000000027,6.60614013671875,102.72105407714844,0,0,1,0,7
39.199999999999974,100.90000000000028,6.60614013671875,102.72105407714844,1,0,0,0,4
39.199999999999974,101.05000000000028,8.353070259094238,108.03158569335938,0,0,1,0,7
39.199999999999974,101.20000000000029,8.353070259094238,108.03158569335938,0,0,1,0,7
39.199999999999974,101.35000000000029,8.353070259094238,108.03158569335938,0,0,1,0,7
39.199999999999974,101.5000000000003,8.804386138916016,117.02104949951172,0,0,1,0,7
39.199999999999974,101.6500000000003,8.804386138916016,117.02104949951172,0,0,1,0,7
39.199999999999974,101.80000000000031,8.804386138916016,117.02104949951172,0,0,1,0,7
39.199999999999974,101.95000000000032,8.804386138916016,117.02104949951172,0,0,1,0,7
39.199999999999974,102.10000000000032,7.813597202301025,118.1052474975586,0,0,1,0,7
39.199999999999974,102.25000000000033,7.813597202301025,118.1052474975586,0,0,1,0,7
39.199999999999974,102.40000000000033,7.813597202301025,118.1052474975586,0,0,1,0,7
39.199999999999974,102.55000000000034,8.778948783874512,105.45789337158203,0,0,1,0,7
39.199999999999974,102.70000000000034,8.778948783874512,105.45789337158203,0,0,1,0,7
39.199999999999974,102.85000000000035,8.778948783874512,105.45789337158203,0,0,1,0,7
39.199999999999974,103.00000000000036,9.007895469665527,104.76315307617188,0,0,1,0,7
39.199999999999974,103.15000000000036,9.007895469665527,104.76315307617188,0,0,1,0,7
39.199999999999974,103.30000000000037,9.007895469665527,104.76315307617188,0,0,1,0,7
39.199999999999974,103.45000000000037,9.007895469665527,104.76315307617188,0,0,1,0,7
39.34999999999997,93.7,-2.1640350818634033,103.43157958984375,0,0,1,0,7
39.34999999999997,93.85000000000001,-2.1640350818634033,103.43157958984375,1,0,0,0,4
39.34999999999997,94.00000000000001,1.4223685264587402,78.3105239868164,1,0,0,0,4
39.34999999999997,94.15000000000002,1.4223685264587402,78.3105239868164,1,0,0,0,4
39.34999999999997,94.30000000000003,1.4223685264587402,78.3105239868164,1,0,0,0,4
39.34999999999997,94.45000000000003,1.4223685264587402,78.3105239868164,0,0,1,0,7
39.34999999999997,94.60000000000004,-0.538596510887146,106.33684539794922,0,0,1,0,7
39.34999999999997,94.75000000000004,-0.538596510887146,106.33684539794922,0,0,1,0,7
39.34999999999997,94.90000000000005,-0.538596510887146,106.33684539794922,1,0,0,0,4
39.34999999999997,95.05000000000005,-1.7307018041610718,133.3000030517578,1,0,0,0,4
39.34999999999997,95.20000000000006,-1.7307018041610718,133.3000030517578,1,0,0,0,4
39.34999999999997,95.35000000000007,-1.7307018041610718,133.3000030517578,0,0,1,0,7
39.34999999999997,95.50000000000007,-1.2995613813400269,144.0579071044922,0,0,1,0,7
39.34999999999997,95.65000000000008,-1.2995613813400269,144.0579071044922,0,0,1,0,7
39.34999999999997,95.80000000000008,-1.2995613813400269,144.0579071044922,0,0,1,0,7
39.34999999999997,95.95000000000009,-1.2995613813400269,144.0579071044922,0,0,1,0,7
39.34999999999997,96.1000000000001,-3.239912509918213,181.8210906982422,0,0,1,0,7
39.34999999999997,96.2500000000001,-3.239912509918213,181.8210906982422,0,0,1,0,7
39.34999999999997,96.4000000000001,-3.239912509918213,181.8210906982422,0,0,1,0,7
39.34999999999997,96.55000000000011,-3.6741228103637695,209.12631225585938,1,0,0,0,4
39.34999999999997,96.70000000000012,-3.6741228103637695,209.12631225585938,0,0,1,0,7
39.34999999999997,96.85000000000012,-3.6741228103637695,209.12631225585938,0,0,1,0,7
39.34999999999997,97.00000000000013,-2.872807264328003,223.6947479248047,1,0,0,0,4
39.34999999999997,97.15000000000013,-2.872807264328003,223.6947479248047,1,0,0,0,4
39.34999999999997,97.30000000000014,-2.872807264328003,223.6947479248047,1,0,0,0,4
39.34999999999997,97.45000000000014,-2.872807264328003,223.6947479248047,1,0,0,0,4
39.34999999999997,97.60000000000015,-3.6714911460876465,256.02630615234375,0,0,1,0,7
39.34999999999997,97.75000000000016,-3.6714911460876465,256.02630615234375,1,0,0,0,4
39.34999999999997,97.90000000000016,-3.6714911460876465,256.02630615234375,1,0,0,0,4
39.34999999999997,98.05000000000017,-3.807894706726074,275.8368225097656,1,0,0,0,4
39.34999999999997,98.20000000000017,-3.807894706726074,275.8368225097656,0,0,0,0,6
39.34999999999997,98.35000000000018,-3.807894706726074,275.8368225097656,1,0,0,0,4
39.34999999999997,98.50000000000018,-1.5991227626800537,265.5421142578125,1,0,0,0,4
39.34999999999997,98.65000000000019,-1.5991227626800537,265.5421142578125,1,0,0,0,4
39.34999999999997,98.8000000000002,-1.5991227626800537,265.5421142578125,1,0,0,0,4
39.34999999999997,98.9500000000002,-1.5991227626800537,265.5421142578125,1,0,0,0,4
39.34999999999997,99.10000000000021,2.829385757446289,221.5,0,0,0,0,1
39.34999999999997,99.25000000000021,2.829385757446289,221.5,0,0,1,0,7
39.34999999999997,99.40000000000022,2.829385757446289,221.5,0,0,1,0,7
39.34999999999997,99.55000000000022,4.945613861083984,179.0894775390625,0,0,0,0,1
39.34999999999997,99.70000000000023,4.945613861083984,179.0894775390625,0,0,0,0,1
39.34999999999997,99.85000000000024,4.945613861083984,179.0894775390625,0,0,0,0,1
39.34999999999997,100.00000000000024,8.144298553466797,132.0631561279297,0,0,0,0,1
39.34999999999997,100.15000000000025,8.144298553466797,132.0631561279297,1,0,0,0,4
39.34999999999997,100.30000000000025,8.144298553466797,132.0631561279297,0,0,1,0,7
39.34999999999997,100.45000000000026,8.144298553466797,132.0631561279297,0,0,1,0,7
39.34999999999997,100.60000000000026,6.60614013671875,102.72105407714844,0,0,1,0,7
39.34999999999997,100.75000000000027,6.60614013671875,102.72105407714844,0,0,1,0,7
39.34999999999997,100.90000000000028,6.60614013671875,102.72105407714844,0,0,1,0,7
39.34999999999997,101.05000000000028,8.353070259094238,108.03158569335938,0,0,1,0,7
39.34999999999997,101.20000000000029,8.353070259094238,108.03158569335938,0,0,1,0,7
39.34999999999997,101.35000000000029,8.353070259094238,108.03158569335938,0,0,1,0,7
39.34999999999997,101.5000000000003,8.804386138916016,117.02104949951172,0,0,1,0,7
39.34999999999997,101.6500000000003,8.804386138916016,117.02104949951172,0,0,1,0,7
39.34999999999997,101.80000000000031,8.804386138916016,117.02104949951172,0,0,1,0,7
39.34999999999997,101.95000000000032,8.804386138916016,117.02104949951172,0,0,1,0,7
39.34999999999997,102.10000000000032,7.813597202301025,118.1052474975586,0,0,1,0,7
39.34999999999997,102.25000000000033,7.813597202301025,118.1052474975586,0,0,1,0,7
39.34999999999997,102.40000000000033,7.813597202301025,118.1052474975586,0,0,1,0,7
39.34999999999997,102.55000000000034,8.778948783874512,105.45789337158203,0,0,1,0,7
39.34999999999997,102.70000000000034,8.778948783874512,105.45789337158203,0,0,1,0,7
39.34999999999997,102.85000000000035,8.778948783874512,105.45789337158203,0,0,1,0,7
39.34999999999997,103.00000000000036,9.007895469665527,104.76315307617188,0,0,1,0,7
39.34999999999997,103.15000000000036,9.007895469665527,104.76315307617188,0,0,1,0,7
39.34999999999997,103.30000000000037,9.007895469665527,104.76315307617188,0,0,1,0,7
39.34999999999997,103.45000000000037,9.007895469665527,104.76315307617188,0,0,1,0,7
39.49999999999997,93.7,8.803509712219238,34.92631149291992,0,0,1,0,7
39.49999999999997,93.85000000000001,8.803509712219238,34.92631149291992,0,0,1,0,7
39.49999999999997,94.00000000000001,8.944297790527344,37.257896423339844,0,0,1,0,7
39.49999999999997,94.15000000000002,8.944297790527344,37.257896423339844,0,0,1,0,7
39.49999999999997,94.30000000000003,8.944297790527344,37.257896423339844,0,0,1,0,7
39.49999999999997,94.45000000000003,8.944297790527344,37.257896423339844,0,0,1,0,7
39.49999999999997,94.60000000000004,7.346053123474121,49.478946685791016,0,0,1,0,7
39.49999999999997,94.75000000000004,7.346053123474121,49.478946685791016,0,0,1,0,7
39.49999999999997,94.90000000000005,7.346053123474121,49.478946685791016,0,0,0,0,1
39.49999999999997,95.05000000000005,3.294297933578491,86.09474182128906,1,0,0,0,4
39.49999999999997,95.20000000000006,3.294297933578491,86.09474182128906,0,0,1,0,7
39.49999999999997,95.35000000000007,3.294297933578491,86.09474182128906,0,0,1,0,7
39.49999999999997,95.50000000000007,2.3921053409576416,104.4473648071289,0,0,1,0,7
39.49999999999997,95.65000000000008,2.3921053409576416,104.4473648071289,0,0,1,0,7
39.49999999999997,95.80000000000008,2.3921053409576416,104.4473648071289,0,0,1,0,7
39.49999999999997,95.95000000000009,2.3921053409576416,104.4473648071289,0,0,1,0,7
39.49999999999997,96.1000000000001,1.6421053409576416,124.43158721923828,0,0,1,0,7
39.49999999999997,96.2500000000001,1.6421053409576416,124.43158721923828,0,0,1,0,7
39.49999999999997,96.4000000000001,1.6421053409576416,124.43158721923828,0,0,1,0,7
39.49999999999997,96.55000000000011,2.4934206008911133,132.6737060546875,0,0,1,0,7
39.49999999999997,96.70000000000012,2.4934206008911133,132.6737060546875,0,0,1,0,7
39.49999999999997,96.85000000000012,2.4934206008911133,132.6737060546875,1,0,0,0,4
39.49999999999997,97.00000000000013,1.6017543077468872,158.53158569335938,1,0,0,0,4
39.49999999999997,97.15000000000013,1.6017543077468872,158.53158569335938,1,0,0,0,4
39.49999999999997,97.30000000000014,1.6017543077468872,158.53158569335938,1,0,0,0,4
39.49999999999997,97.45000000000014,1.6017543077468872,158.53158569335938,0,0,1,0,7
39.49999999999997,97.60000000000015,3.3864035606384277,160.70001220703125,1,0,0,0,4
39.49999999999997,97.75000000000016,3.3864035606384277,160.70001220703125,1,0,0,0,4
39.49999999999997,97.90000000000016,3.3864035606384277,160.70001220703125,1,0,0,0,4
39.49999999999997,98.05000000000017,6.376753807067871,149.084228515625,1,0,0,0,4
39.49999999999997,98.20000000000017,6.376753807067871,149.084228515625,1,0,0,0,4
39.49999999999997,98.35000000000018,6.376753807067871,149.084228515625,1,0,0,0,4
39.49999999999997,98.50000000000018,8.800877571105957,133.65264892578125,1,0,0,0,4
39.49999999999997,98.65000000000019,8.800877571105957,133.65264892578125,1,0,0,0,4
39.49999999999997,98.8000000000002,8.800877571105957,133.65264892578125,0,0,1,0,7
39.49999999999997,98.9500000000002,8.800877571105957,133.65264892578125,0,0,1,0,7
39.49999999999997,99.10000000000021,8.626754760742188,127.48948669433594,0,0,1,0,7
39.49999999999997,99.25000000000021,8.626754760742188,127.48948669433594,0,0,1,0,7
39.49999999999997,99.40000000000022,8.626754760742188,127.48948669433594,0,0,1,0,7
39.49999999999997,99.55000000000022,7.820615291595459,112.75787353515625,0,0,1,0,7
39.49999999999997,99.70000000000023,7.820615291595459,112.75787353515625,1,0,0,0,4
39.49999999999997,99.85000000000024,7.820615291595459,112.75787353515625,0,0,1,0,7
39.49999999999997,100.00000000000024,8.135087966918945,90.8157958984375,0,0,1,0,7
39.49999999999997,100.15000000000025,8.135087966918945,90.8157958984375,0,0,1,0,7
39.49999999999997,100.30000000000025,8.135087966918945,90.8157958984375,0,0,1,0,7
39.49999999999997,100.45000000000026,8.135087966918945,90.8157958984375,0,0,1,0,7
39.49999999999997,100.60000000000026,8.914911270141602,77.28947448730469,0,0,1,0,7
39.49999999999997,100.75000000000027,8.914911270141602,77.28947448730469,0,0,1,0,7
39.49999999999997,100.90000000000028,8.914911270141602,77.28947448730469,0,0,1,0,7
39.49999999999997,101.05000000000028,9.529386520385742,75.93157958984375,0,0,1,0,7
39.49999999999997,101.20000000000029,9.529386520385742,75.93157958984375,0,0,1,0,7
39.49999999999997,101.35000000000029,9.529386520385742,75.93157958984375,0,0,1,0,7
39.49999999999997,101.5000000000003,9.665351867675781,78.84210968017578,0,0,1,0,7
39.49999999999997,101.6500000000003,9.665351867675781,78.84210968017578,0,0,1,0,7
39.49999999999997,101.80000000000031,9.665351867675781,78.84210968017578,0,0,1,0,7
39.49999999999997,101.95000000000032,9.665351867675781,78.84210968017578,0,0,1,0,7
39.49999999999997,102.10000000000032,9.60482406616211,80.55789947509766,0,0,1,0,7
39.49999999999997,102.25000000000033,9.60482406616211,80.55789947509766,0,0,1,0,7
39.49999999999997,102.40000000000033,9.60482406616211,80.55789947509766,0,0,1,0,7
39.49999999999997,102.55000000000034,8.395614624023438,92.12105560302734,0,0,1,0,7
39.49999999999997,102.70000000000034,8.395614624023438,92.12105560302734,0,0,1,0,7
39.49999999999997,102.85000000000035,8.395614624023438,92.12105560302734,0,0,1,0,7
39.49999999999997,103.00000000000036,8.60131549835205,96.48422241210938,0,0,1,0,7
39.49999999999997,103.15000000000036,8.60131549835205,96.48422241210938,0,0,1,0,7
39.49999999999997,103.30000000000037,8.60131549835205,96.48422241210938,0,0,1,0,7
39.49999999999997,103.45000000000037,8.60131549835205,96.48422241210938,0,0,1,0,7
39.64999999999997,93.7,8.803509712219238,34.92631149291992,0,0,1,0,7
39.64999999999997,93.85000000000001,8.803509712219238,34.92631149291992,0,0,1,0,7
39.64999999999997,94.00000000000001,8.944297790527344,37.257896423339844,0,0,1,0,7
39.64999999999997,94.15000000000002,8.944297790527344,37.257896423339844,0,0,1,0,7
39.64999999999997,94.30000000000003,8.944297790527344,37.257896423339844,0,0,1,0,7
39.64999999999997,94.45000000000003,8.944297790527344,37.257896423339844,0,0,1,0,7
39.64999999999997,94.60000000000004,7.346053123474121,49.478946685791016,0,0,1,0,7
39.64999999999997,94.75000000000004,7.346053123474121,49.478946685791016,0,0,1,0,7
39.64999999999997,94.90000000000005,7.346053123474121,49.478946685791016,0,0,1,0,7
39.64999999999997,95.05000000000005,3.294297933578491,86.09474182128906,0,0,1,0,7
39.64999999999997,95.20000000000006,3.294297933578491,86.09474182128906,1,0,0,0,4
39.64999999999997,95.35000000000007,3.294297933578491,86.09474182128906,1,0,0,0,4
39.64999999999997,95.50000000000007,2.3921053409576416,104.4473648071289,0,0,1,0,7
39.64999999999997,95.65000000000008,2.3921053409576416,104.4473648071289,0,0,1,0,7
39.64999999999997,95.80000000000008,2.3921053409576416,104.4473648071289,1,0,0,0,4
39.64999999999997,95.95000000000009,2.3921053409576416,104.4473648071289,1,0,0,0,4
39.64999999999997,96.1000000000001,1.6421053409576416,124.43158721923828,1,0,0,0,4
39.64999999999997,96.2500000000001,1.6421053409576416,124.43158721923828,1,0,0,0,4
39.64999999999997,96.4000000000001,1.6421053409576416,124.43158721923828,1,0,0,0,4
39.64999999999997,96.55000000000011,2.4934206008911133,132.6737060546875,1,0,0,0,4
39.64999999999997,96.70000000000012,2.4934206008911133,132.6737060546875,1,0,0,0,4
39.64999999999997,96.85000000000012,2.4934206008911133,132.6737060546875,1,0,0,0,4
39.64999999999997,97.00000000000013,1.6017543077468872,158.53158569335938,1,0,0,0,4
39.64999999999997,97.15000000000013,1.6017543077468872,158.53158569335938,1,0,0,0,4
39.64999999999997,97.30000000000014,1.6017543077468872,158.53158569335938,1,0,0,0,4
39.64999999999997,97.45000000000014,1.6017543077468872,158.53158569335938,1,0,0,0,4
39.64999999999997,97.60000000000015,3.3864035606384277,160.70001220703125,1,0,0,0,4
39.64999999999997,97.75000000000016,3.3864035606384277,160.70001220703125,1,0,0,0,4
39.64999999999997,97.90000000000016,3.3864035606384277,160.70001220703125,1,0,0,0,4
39.64999999999997,98.05000000000017,6.376753807067871,149.084228515625,1,0,0,0,4
39.64999999999997,98.20000000000017,6.376753807067871,149.084228515625,0,0,1,0,7
39.64999999999997,98.35000000000018,6.376753807067871,149.084228515625,0,0,1,0,7
39.64999999999997,98.50000000000018,8.800877571105957,133.65264892578125,0,0,1,0,7
39.64999999999997,98.65000000000019,8.800877571105957,133.65264892578125,0,0,0,0,1
39.64999999999997,98.8000000000002,8.800877571105957,133.65264892578125,0,0,0,0,1
39.64999999999997,98.9500000000002,8.800877571105957,133.65264892578125,0,0,0,0,1
39.64999999999997,99.10000000000021,8.626754760742188,127.48948669433594,0,0,1,0,7
39.64999999999997,99.25000000000021,8.626754760742188,127.48948669433594,0,0,1,0,7
39.64999999999997,99.40000000000022,8.626754760742188,127.48948669433594,0,0,1,0,7
39.64999999999997,99.55000000000022,7.820615291595459,112.75787353515625,0,0,1,0,7
39.64999999999997,99.70000000000023,7.820615291595459,112.75787353515625,0,0,1,0,7
39.64999999999997,99.85000000000024,7.820615291595459,112.75787353515625,0,0,1,0,7
39.64999999999997,100.00000000000024,8.135087966918945,90.8157958984375,0,0,1,0,7
39.64999999999997,100.15000000000025,8.135087966918945,90.8157958984375,0,0,1,0,7
39.64999999999997,100.30000000000025,8.135087966918945,90.8157958984375,0,0,1,0,7
39.64999999999997,100.45000000000026,8.135087966918945,90.8157958984375,0,0,1,0,7
39.64999999999997,100.60000000000026,8.914911270141602,77.28947448730469,0,0,1,0,7
39.64999999999997,100.75000000000027,8.914911270141602,77.28947448730469,0,0,1,0,7
39.64999999999997,100.90000000000028,8.914911270141602,77.28947448730469,0,0,1,0,7
39.64999999999997,101.05000000000028,9.529386520385742,75.93157958984375,0,0,1,0,7
39.64999999999997,101.20000000000029,9.529386520385742,75.93157958984375,0,0,1,0,7
39.64999999999997,101.35000000000029,9.529386520385742,75.93157958984375,0,0,1,0,7
39.64999999999997,101.5000000000003,9.665351867675781,78.84210968017578,0,0,1,0,7
39.64999999999997,101.6500000000003,9.665351867675781,78.84210968017578,0,0,1,0,7
39.64999999999997,101.80000000000031,9.665351867675781,78.84210968017578,0,0,1,0,7
39.64999999999997,101.95000000000032,9.665351867675781,78.84210968017578,0,0,1,0,7
39.64999999999997,102.10000000000032,9.60482406616211,80.55789947509766,0,0,1,0,7
39.64999999999997,102.25000000000033,9.60482406616211,80.55789947509766,0,0,1,0,7
39.64999999999997,102.40000000000033,9.60482406616211,80.55789947509766,0,0,1,0,7
39.64999999999997,102.55000000000034,8.395614624023438,92.12105560302734,0,0,1,0,7
39.64999999999997,102.70000000000034,8.395614624023438,92.12105560302734,0,0,1,0,7
39.64999999999997,102.85000000000035,8.395614624023438,92.12105560302734,0,0,1,0,7
39.64999999999997,103.00000000000036,8.60131549835205,96.48422241210938,0,0,1,0,7
39.64999999999997,103.15000000000036,8.60131549835205,96.48422241210938,0,0,1,0,7
39.64999999999997,103.30000000000037,8.60131549835205,96.48422241210938,0,0,1,0,7
39.64999999999997,103.45000000000037,8.60131549835205,96.48422241210938,0,0,1,0,7
39.79999999999997,93.7,8.803509712219238,34.92631149291992,0,0,1,0,7
39.79999999999997,93.85000000000001,8.803509712219238,34.92631149291992,0,0,1,0,7
39.79999999999997,94.00000000000001,8.944297790527344,37.257896423339844,0,0,1,0,7
39.79999999999997,94.15000000000002,8.944297790527344,37.257896423339844,0,0,1,0,7
39.79999999999997,94.30000000000003,8.944297790527344,37.257896423339844,0,0,1,0,7
39.79999999999997,94.45000000000003,8.944297790527344,37.257896423339844,0,0,1,0,7
39.79999999999997,94.60000000000004,7.346053123474121,49.478946685791016,0,0,1,0,7
39.79999999999997,94.75000000000004,7.346053123474121,49.478946685791016,0,0,1,0,7
39.79999999999997,94.90000000000005,7.346053123474121,49.478946685791016,0,0,1,0,7
39.79999999999997,95.05000000000005,3.294297933578491,86.09474182128906,0,0,1,0,7
39.79999999999997,95.20000000000006,3.294297933578491,86.09474182128906,0,0,1,0,7
39.79999999999997,95.35000000000007,3.294297933578491,86.09474182128906,0,0,1,0,7
39.79999999999997,95.50000000000007,2.3921053409576416,104.4473648071289,1,0,0,0,4
39.79999999999997,95.65000000000008,2.3921053409576416,104.4473648071289,1,0,0,0,4
39.79999999999997,95.80000000000008,2.3921053409576416,104.4473648071289,0,0,1,0,7
39.79999999999997,95.95000000000009,2.3921053409576416,104.4473648071289,0,0,1,0,7
39.79999999999997,96.1000000000001,1.6421053409576416,124.43158721923828,0,0,1,0,7
39.79999999999997,96.2500000000001,1.6421053409576416,124.43158721923828,1,0,0,0,4
39.79999999999997,96.4000000000001,1.6421053409576416,124.43158721923828,0,0,1,0,7
39.79999999999997,96.55000000000011,2.4934206008911133,132.6737060546875,0,0,1,0,7
39.79999999999997,96.70000000000012,2.4934206008911133,132.6737060546875,0,0,1,0,7
39.79999999999997,96.85000000000012,2.4934206008911133,132.6737060546875,0,0,1,0,7
39.79999999999997,97.00000000000013,1.6017543077468872,158.53158569335938,1,0,0,0,4
39.79999999999997,97.15000000000013,1.6017543077468872,158.53158569335938,1,0,0,0,4
39.79999999999997,97.30000000000014,1.6017543077468872,158.53158569335938,1,0,0,0,4
39.79999999999997,97.45000000000014,1.6017543077468872,158.53158569335938,0,0,1,0,7
39.79999999999997,97.60000000000015,3.3864035606384277,160.70001220703125,0,0,1,0,7
39.79999999999997,97.75000000000016,3.3864035606384277,160.70001220703125,0,0,1,0,7
39.79999999999997,97.90000000000016,3.3864035606384277,160.70001220703125,0,0,1,0,7
39.79999999999997,98.05000000000017,6.376753807067871,149.084228515625,0,0,1,0,7
39.79999999999997,98.20000000000017,6.376753807067871,149.084228515625,0,0,1,0,7
39.79999999999997,98.35000000000018,6.376753807067871,149.084228515625,0,0,1,0,7
39.79999999999997,98.50000000000018,8.800877571105957,133.65264892578125,0,0,0,0,1
39.79999999999997,98.65000000000019,8.800877571105957,133.65264892578125,0,0,0,0,1
39.79999999999997,98.8000000000002,8.800877571105957,133.65264892578125,0,0,0,0,1
39.79999999999997,98.9500000000002,8.800877571105957,133.65264892578125,0,0,1,0,7
39.79999999999997,99.10000000000021,8.626754760742188,127.48948669433594,0,0,1,0,7
39.79999999999997,99.25000000000021,8.626754760742188,127.48948669433594,0,0,1,0,7
39.79999999999997,99.40000000000022,8.626754760742188,127.48948669433594,0,0,1,0,7
39.79999999999997,99.55000000000022,7.820615291595459,112.75787353515625,0,0,1,0,7
39.79999999999997,99.70000000000023,7.820615291595459,112.75787353515625,0,0,1,0,7
39.79999999999997,99.85000000000024,7.820615291595459,112.75787353515625,0,0,1,0,7
39.79999999999997,100.00000000000024,8.135087966918945,90.8157958984375,0,0,1,0,7
39.79999999999997,100.15000000000025,8.135087966918945,90.8157958984375,0,0,1,0,7
39.79999999999997,100.30000000000025,8.135087966918945,90.8157958984375,0,0,1,0,7
39.79999999999997,100.45000000000026,8.135087966918945,90.8157958984375,0,0,1,0,7
39.79999999999997,100.60000000000026,8.914911270141602,77.28947448730469,0,0,1,0,7
39.79999999999997,100.75000000000027,8.914911270141602,77.28947448730469,0,0,1,0,7
39.79999999999997,100.90000000000028,8.914911270141602,77.28947448730469,0,0,1,0,7
39.79999999999997,101.05000000000028,9.529386520385742,75.93157958984375,0,0,1,0,7
39.79999999999997,101.20000000000029,9.529386520385742,75.93157958984375,0,0,1,0,7
39.79999999999997,101.35000000000029,9.529386520385742,75.93157958984375,0,0,1,0,7
39.79999999999997,101.5000000000003,9.665351867675781,78.84210968017578,0,0,1,0,7
39.79999999999997,101.6500000000003,9.665351867675781,78.84210968017578,0,0,1,0,7
39.79999999999997,101.80000000000031,9.665351867675781,78.84210968017578,0,0,1,0,7
39.79999999999997,101.95000000000032,9.665351867675781,78.84210968017578,0,0,1,0,7
39.79999999999997,102.10000000000032,9.60482406616211,80.55789947509766,0,0,1,0,7
39.79999999999997,102.25000000000033,9.60482406616211,80.55789947509766,0,0,1,0,7
39.79999999999997,102.40000000000033,9.60482406616211,80.55789947509766,0,0,1,0,7
39.79999999999997,102.55000000000034,8.395614624023438,92.12105560302734,0,0,1,0,7
39.79999999999997,102.70000000000034,8.395614624023438,92.12105560302734,0,0,1,0,7
39.79999999999997,102.85000000000035,8.395614624023438,92.12105560302734,0,0,1,0,7
39.79999999999997,103.00000000000036,8.60131549835205,96.48422241210938,0,0,1,0,7
39.79999999999997,103.15000000000036,8.60131549835205,96.48422241210938,0,0,1,0,7
39.79999999999997,103.30000000000037,8.60131549835205,96.48422241210938,0,0,1,0,7
39.79999999999997,103.45000000000037,8.60131549835205,96.48422241210938,0,0,1,0,7
39.94999999999997,93.7,8.803509712219238,34.92631149291992,0,0,1,0,7
39.94999999999997,93.85000000000001,8.803509712219238,34.92631149291992,0,0,1,0,7
39.94999999999997,94.00000000000001,8.944297790527344,37.257896423339844,0,0,1,0,7
39.94999999999997,94.15000000000002,8.944297790527344,37.257896423339844,0,0,1,0,7
39.94999999999997,94.30000000000003,8.944297790527344,37.257896423339844,0,0,1,0,7
39.94999999999997,94.45000000000003,8.944297790527344,37.257896423339844,0,0,1,0,7
39.94999999999997,94.60000000000004,7.346053123474121,49.478946685791016,0,0,1,0,7
39.94999999999997,94.75000000000004,7.346053123474121,49.478946685791016,0,0,1,0,7
39.94999999999997,94.90000000000005,7.346053123474121,49.478946685791016,0,0,1,0,7
39.94999999999997,95.05000000000005,3.294297933578491,86.09474182128906,0,0,1,0,7
39.94999999999997,95.20000000000006,3.294297933578491,86.09474182128906,0,0,1,0,7
39.94999999999997,95.35000000000007,3.294297933578491,86.09474182128906,0,0,1,0,7
39.94999999999997,95.50000000000007,2.3921053409576416,104.4473648071289,0,0,1,0,7
39.94999999999997,95.65000000000008,2.3921053409576416,104.4473648071289,0,0,1,0,7
39.94999999999997,95.80000000000008,2.3921053409576416,104.4473648071289,0,0,1,0,7
39.94999999999997,95.95000000000009,2.3921053409576416,104.4473648071289,0,0,1,0,7
39.94999999999997,96.1000000000001,1.6421053409576416,124.43158721923828,0,0,1,0,7
39.94999999999997,96.2500000000001,1.6421053409576416,124.43158721923828,0,0,1,0,7
39.94999999999997,96.4000000000001,1.6421053409576416,124.43158721923828,0,0,1,0,7
39.94999999999997,96.55000000000011,2.4934206008911133,132.6737060546875,0,0,1,0,7
39.94999999999997,96.70000000000012,2.4934206008911133,132.6737060546875,0,0,1,0,7
39.94999999999997,96.85000000000012,2.4934206008911133,132.6737060546875,0,0,1,0,7
39.94999999999997,97.00000000000013,1.6017543077468872,158.53158569335938,1,0,0,0,4
39.94999999999997,97.15000000000013,1.6017543077468872,158.53158569335938,0,0,1,0,7
39.94999999999997,97.30000000000014,1.6017543077468872,158.53158569335938,0,0,1,0,7
39.94999999999997,97.45000000000014,1.6017543077468872,158.53158569335938,0,0,0,0,1
39.94999999999997,97.60000000000015,3.3864035606384277,160.70001220703125,0,0,1,0,7
39.94999999999997,97.75000000000016,3.3864035606384277,160.70001220703125,0,0,1,0,7
39.94999999999997,97.90000000000016,3.3864035606384277,160.70001220703125,0,0,1,0,7
39.94999999999997,98.05000000000017,6.376753807067871,149.084228515625,0,0,1,0,7
39.94999999999997,98.20000000000017,6.376753807067871,149.084228515625,0,0,1,0,7
39.94999999999997,98.35000000000018,6.376753807067871,149.084228515625,0,0,1,0,7
39.94999999999997,98.50000000000018,8.800877571105957,133.65264892578125,0,0,1,0,7
39.94999999999997,98.65000000000019,8.800877571105957,133.65264892578125,0,0,1,0,7
39.94999999999997,98.8000000000002,8.800877571105957,133.65264892578125,0,0,1,0,7
39.94999999999997,98.9500000000002,8.800877571105957,133.65264892578125,0,0,1,0,7
39.94999999999997,99.10000000000021,8.626754760742188,127.48948669433594,0,0,1,0,7
39.94999999999997,99.25000000000021,8.626754760742188,127.48948669433594,0,0,1,0,7
39.94999999999997,99.40000000000022,8.626754760742188,127.48948669433594,0,0,1,0,7
39.94999999999997,99.55000000000022,7.820615291595459,112.75787353515625,0,0,1,0,7
39.94999999999997,99.70000000000023,7.820615291595459,112.75787353515625,0,0,1,0,7
39.94999999999997,99.85000000000024,7.820615291595459,112.75787353515625,0,0,1,0,7
39.94999999999997,100.00000000000024,8.135087966918945,90.8157958984375,0,0,1,0,7
39.94999999999997,100.15000000000025,8.135087966918945,90.8157958984375,0,0,1,0,7
39.94999999999997,100.30000000000025,8.135087966918945,90.8157958984375,0,0,1,0,7
39.94999999999997,100.45000000000026,8.135087966918945,90.8157958984375,0,0,1,0,7
39.94999999999997,100.60000000000026,8.914911270141602,77.28947448730469,0,0,1,0,7
39.94999999999997,100.75000000000027,8.914911270141602,77.28947448730469,0,0,1,0,7
39.94999999999997,100.90000000000028,8.914911270141602,77.28947448730469,0,0,1,0,7
39.94999999999997,101.05000000000028,9.529386520385742,75.93157958984375,0,0,1,0,7
39.94999999999997,101.20000000000029,9.529386520385742,75.93157958984375,0,0,1,0,7
39.94999999999997,101.35000000000029,9.529386520385742,75.93157958984375,0,0,1,0,7
39.94999999999997,101.5000000000003,9.665351867675781,78.84210968017578,0,0,1,0,7
39.94999999999997,101.6500000000003,9.665351867675781,78.84210968017578,0,0,1,0,7
39.94999999999997,101.80000000000031,9.665351867675781,78.84210968017578,0,0,1,0,7
39.94999999999997,101.95000000000032,9.665351867675781,78.84210968017578,0,0,1,0,7
39.94999999999997,102.10000000000032,9.60482406616211,80.55789947509766,0,0,1,0,7
39.94999999999997,102.25000000000033,9.60482406616211,80.55789947509766,0,0,1,0,7
39.94999999999997,102.40000000000033,9.60482406616211,80.55789947509766,0,0,1,0,7
39.94999999999997,102.55000000000034,8.395614624023438,92.12105560302734,0,0,1,0,7
39.94999999999997,102.70000000000034,8.395614624023438,92.12105560302734,0,0,1,0,7
39.94999999999997,102.85000000000035,8.395614624023438,92.12105560302734,0,0,1,0,7
39.94999999999997,103.00000000000036,8.60131549835205,96.48422241210938,0,0,1,0,7
39.94999999999997,103.15000000000036,8.60131549835205,96.48422241210938,0,0,1,0,7
39.94999999999997,103.30000000000037,8.60131549835205,96.48422241210938,0,0,1,0,7
39.94999999999997,103.45000000000037,8.60131549835205,96.48422241210938,0,0,1,0,7
40.099999999999966,93.7,11.590789794921875,28.031579971313477,0,0,1,0,7
40.099999999999966,93.85000000000001,11.590789794921875,28.031579971313477,0,0,1,0,7
40.099999999999966,94.00000000000001,11.004386901855469,32.3157844543457,0,0,1,0,7
40.099999999999966,94.15000000000002,11.004386901855469,32.3157844543457,0,0,1,0,7
40.099999999999966,94.30000000000003,11.004386901855469,32.3157844543457,0,0,1,0,7
40.099999999999966,94.45000000000003,11.004386901855469,32.3157844543457,0,0,1,0,7
40.099999999999966,94.60000000000004,10.672369003295898,35.51578903198242,0,0,0,0,1
40.099999999999966,94.75000000000004,10.672369003295898,35.51578903198242,0,0,1,0,7
40.099999999999966,94.90000000000005,10.672369003295898,35.51578903198242,0,0,1,0,7
40.099999999999966,95.05000000000005,9.854825019836426,42.15262985229492,0,0,1,0,7
40.099999999999966,95.20000000000006,9.854825019836426,42.15262985229492,0,0,1,0,7
40.099999999999966,95.35000000000007,9.854825019836426,42.15262985229492,0,0,1,0,7
40.099999999999966,95.50000000000007,9.178947448730469,49.478946685791016,0,0,1,0,7
40.099999999999966,95.65000000000008,9.178947448730469,49.478946685791016,0,0,1,0,7
40.099999999999966,95.80000000000008,9.178947448730469,49.478946685791016,0,0,1,0,7
40.099999999999966,95.95000000000009,9.178947448730469,49.478946685791016,0,0,1,0,7
40.099999999999966,96.1000000000001,8.60570240020752,59.11579513549805,0,0,1,0,7
40.099999999999966,96.2500000000001,8.60570240020752,59.11579513549805,0,0,1,0,7
40.099999999999966,96.4000000000001,8.60570240020752,59.11579513549805,0,0,1,0,7
40.099999999999966,96.55000000000011,7.9083333015441895,70.38947296142578,0,0,1,0,7
40.099999999999966,96.70000000000012,7.9083333015441895,70.38947296142578,0,0,1,0,7
40.099999999999966,96.85000000000012,7.9083333015441895,70.38947296142578,0,0,1,0,7
40.099999999999966,97.00000000000013,8.573684692382812,76.47894287109375,0,0,1,0,7
40.099999999999966,97.15000000000013,8.573684692382812,76.47894287109375,0,0,1,0,7
40.099999999999966,97.30000000000014,8.573684692382812,76.47894287109375,0,0,1,0,7
40.099999999999966,97.45000000000014,8.573684692382812,76.47894287109375,0,0,1,0,7
40.099999999999966,97.60000000000015,9.490788459777832,82.52105712890625,0,0,1,0,7
40.099999999999966,97.75000000000016,9.490788459777832,82.52105712890625,0,0,1,0,7
40.099999999999966,97.90000000000016,9.490788459777832,82.52105712890625,0,0,1,0,7
40.099999999999966,98.05000000000017,9.767982482910156,88.90526580810547,0,0,1,0,7
40.099999999999966,98.20000000000017,9.767982482910156,88.90526580810547,0,0,1,0,7
40.099999999999966,98.35000000000018,9.767982482910156,88.90526580810547,0,0,1,0,7
40.099999999999966,98.50000000000018,9.484650611877441,92.0789566040039,0,0,1,0,7
40.099999999999966,98.65000000000019,9.484650611877441,92.0789566040039,0,0,1,0,7
40.099999999999966,98.8000000000002,9.484650611877441,92.0789566040039,0,0,0,0,1
40.099999999999966,98.9500000000002,9.484650611877441,92.0789566040039,0,0,0,0,1
40.099999999999966,99.10000000000021,9.461841583251953,86.56315612792969,0,0,1,0,7
40.099999999999966,99.25000000000021,9.461841583251953,86.56315612792969,0,0,1,0,7
40.099999999999966,99.40000000000022,9.461841583251953,86.56315612792969,0,0,1,0,7
40.099999999999966,99.55000000000022,9.554823875427246,75.77893829345703,0,0,1,0,7
40.099999999999966,99.70000000000023,9.554823875427246,75.77893829345703,0,0,1,0,7
40.099999999999966,99.85000000000024,9.554823875427246,75.77893829345703,0,0,1,0,7
40.099999999999966,100.00000000000024,9.34912395477295,65.69999694824219,0,0,1,0,7
40.099999999999966,100.15000000000025,9.34912395477295,65.69999694824219,0,0,1,0,7
40.099999999999966,100.30000000000025,9.34912395477295,65.69999694824219,0,0,1,0,7
40.099999999999966,100.45000000000026,9.34912395477295,65.69999694824219,0,0,1,0,7
40.099999999999966,100.60000000000026,9.49780559539795,59.04737091064453,0,0,1,0,7
40.099999999999966,100.75000000000027,9.49780559539795,59.04737091064453,0,0,1,0,7
40.099999999999966,100.90000000000028,9.49780559539795,59.04737091064453,0,0,1,0,7
40.099999999999966,101.05000000000028,9.870613098144531,56.82632064819336,0,0,1,0,7
40.099999999999966,101.20000000000029,9.870613098144531,56.82632064819336,0,0,1,0,7
40.099999999999966,101.35000000000029,9.870613098144531,56.82632064819336,0,0,1,0,7
40.099999999999966,101.5000000000003,9.847807884216309,58.23158645629883,0,0,1,0,7
40.099999999999966,101.6500000000003,9.847807884216309,58.23158645629883,0,0,1,0,7
40.099999999999966,101.80000000000031,9.847807884216309,58.23158645629883,0,0,1,0,7
40.099999999999966,101.95000000000032,9.847807884216309,58.23158645629883,0,0,1,0,7
40.099999999999966,102.10000000000032,9.521491050720215,61.894737243652344,0,0,1,0,7
40.099999999999966,102.25000000000033,9.521491050720215,61.894737243652344,0,0,1,0,7
40.099999999999966,102.40000000000033,9.521491050720215,61.894737243652344,0,0,1,0,7
40.099999999999966,102.55000000000034,9.06315803527832,68.26315307617188,0,0,1,0,7
40.099999999999966,102.70000000000034,9.06315803527832,68.26315307617188,0,0,1,0,7
40.099999999999966,102.85000000000035,9.06315803527832,68.26315307617188,0,0,1,0,7
40.099999999999966,103.00000000000036,8.697367668151855,78.6473617553711,0,0,1,0,7
40.099999999999966,103.15000000000036,8.697367668151855,78.6473617553711,0,0,1,0,7
40.099999999999966,103.30000000000037,8.697367668151855,78.6473617553711,0,0,1,0,7
40.099999999999966,103.45000000000037,8.697367668151855,78.6473617553711,0,0,1,0,7
40.249999999999964,93.7,11.590789794921875,28.031579971313477,0,0,1,0,7
40.249999999999964,93.85000000000001,11.590789794921875,28.031579971313477,0,0,1,0,7
40.249999999999964,94.00000000000001,11.004386901855469,32.3157844543457,0,0,1,0,7
40.249999999999964,94.15000000000002,11.004386901855469,32.3157844543457,0,0,1,0,7
40.249999999999964,94.30000000000003,11.004386901855469,32.3157844543457,0,0,1,0,7
40.249999999999964,94.45000000000003,11.004386901855469,32.3157844543457,0,0,1,0,7
40.249999999999964,94.60000000000004,10.672369003295898,35.51578903198242,1,0,0,0,4
40.249999999999964,94.75000000000004,10.672369003295898,35.51578903198242,0,0,0,0,1
40.249999999999964,94.90000000000005,10.672369003295898,35.51578903198242,0,0,1,0,7
40.249999999999964,95.05000000000005,9.854825019836426,42.15262985229492,0,0,1,0,7
40.249999999999964,95.20000000000006,9.854825019836426,42.15262985229492,0,0,1,0,7
40.249999999999964,95.35000000000007,9.854825019836426,42.15262985229492,0,0,1,0,7
40.249999999999964,95.50000000000007,9.178947448730469,49.478946685791016,0,0,1,0,7
40.249999999999964,95.65000000000008,9.178947448730469,49.478946685791016,0,0,1,0,7
40.249999999999964,95.80000000000008,9.178947448730469,49.478946685791016,0,0,1,0,7
40.249999999999964,95.95000000000009,9.178947448730469,49.478946685791016,0,0,1,0,7
40.249999999999964,96.1000000000001,8.60570240020752,59.11579513549805,1,0,0,0,4
40.249999999999964,96.2500000000001,8.60570240020752,59.11579513549805,0,0,1,0,7
40.249999999999964,96.4000000000001,8.60570240020752,59.11579513549805,0,0,1,0,7
40.249999999999964,96.55000000000011,7.9083333015441895,70.38947296142578,0,0,1,0,7
40.249999999999964,96.70000000000012,7.9083333015441895,70.38947296142578,0,0,1,0,7
40.249999999999964,96.85000000000012,7.9083333015441895,70.38947296142578,0,0,1,0,7
40.249999999999964,97.00000000000013,8.573684692382812,76.47894287109375,0,0,1,0,7
40.249999999999964,97.15000000000013,8.573684692382812,76.47894287109375,0,0,1,0,7
40.249999999999964,97.30000000000014,8.573684692382812,76.47894287109375,0,0,1,0,7
40.249999999999964,97.45000000000014,8.573684692382812,76.47894287109375,0,0,1,0,7
40.249999999999964,97.60000000000015,9.490788459777832,82.52105712890625,0,0,1,0,7
40.249999999999964,97.75000000000016,9.490788459777832,82.52105712890625,0,0,0,0,1
40.249999999999964,97.90000000000016,9.490788459777832,82.52105712890625,0,0,1,0,7
40.249999999999964,98.05000000000017,9.767982482910156,88.90526580810547,0,0,1,0,7
40.249999999999964,98.20000000000017,9.767982482910156,88.90526580810547,0,0,1,0,7
40.249999999999964,98.35000000000018,9.767982482910156,88.90526580810547,0,0,1,0,7
40.249999999999964,98.50000000000018,9.484650611877441,92.0789566040039,0,0,1,0,7
40.249999999999964,98.65000000000019,9.484650611877441,92.0789566040039,0,0,0,0,1
40.249999999999964,98.8000000000002,9.484650611877441,92.0789566040039,1,0,0,0,4
40.249999999999964,98.9500000000002,9.484650611877441,92.0789566040039,1,0,0,0,4
40.249999999999964,99.10000000000021,9.461841583251953,86.56315612792969,0,0,0,0,1
40.249999999999964,99.25000000000021,9.461841583251953,86.56315612792969,0,0,1,0,7
40.249999999999964,99.40000000000022,9.461841583251953,86.56315612792969,0,0,1,0,7
40.249999999999964,99.55000000000022,9.554823875427246,75.77893829345703,0,0,1,0,7
40.249999999999964,99.70000000000023,9.554823875427246,75.77893829345703,0,0,1,0,7
40.249999999999964,99.85000000000024,9.554823875427246,75.77893829345703,0,0,1,0,7
40.249999999999964,100.00000000000024,9.34912395477295,65.69999694824219,0,0,1,0,7
40.249999999999964,100.15000000000025,9.34912395477295,65.69999694824219,0,0,1,0,7
40.249999999999964,100.30000000000025,9.34912395477295,65.69999694824219,0,0,1,0,7
40.249999999999964,100.45000000000026,9.34912395477295,65.69999694824219,0,0,1,0,7
40.249999999999964,100.60000000000026,9.49780559539795,59.04737091064453,0,0,1,0,7
40.249999999999964,100.75000000000027,9.49780559539795,59.04737091064453,0,0,1,0,7
40.249999999999964,100.90000000000028,9.49780559539795,59.04737091064453,0,0,1,0,7
40.249999999999964,101.05000000000028,9.870613098144531,56.82632064819336,0,0,1,0,7
40.249999999999964,101.20000000000029,9.870613098144531,56.82632064819336,0,0,1,0,7
40.249999999999964,101.35000000000029,9.870613098144531,56.82632064819336,0,0,1,0,7
40.249999999999964,101.5000000000003,9.847807884216309,58.23158645629883,0,0,1,0,7
40.249999999999964,101.6500000000003,9.847807884216309,58.23158645629883,0,0,1,0,7
40.249999999999964,101.80000000000031,9.847807884216309,58.23158645629883,0,0,1,0,7
40.249999999999964,101.95000000000032,9.847807884216309,58.23158645629883,0,0,1,0,7
40.249999999999964,102.10000000000032,9.521491050720215,61.894737243652344,0,0,1,0,7
40.249999999999964,102.25000000000033,9.521491050720215,61.894737243652344,0,0,1,0,7
40.249999999999964,102.40000000000033,9.521491050720215,61.894737243652344,0,0,1,0,7
40.249999999999964,102.55000000000034,9.06315803527832,68.26315307617188,0,0,1,0,7
40.249999999999964,102.70000000000034,9.06315803527832,68.26315307617188,0,0,1,0,7
40.249999999999964,102.85000000000035,9.06315803527832,68.26315307617188,0,0,1,0,7
40.249999999999964,103.00000000000036,8.697367668151855,78.6473617553711,0,0,1,0,7
40.249999999999964,103.15000000000036,8.697367668151855,78.6473617553711,0,0,1,0,7
40.249999999999964,103.30000000000037,8.697367668151855,78.6473617553711,0,0,1,0,7
40.249999999999964,103.45000000000037,8.697367668151855,78.6473617553711,0,0,1,0,7
40.39999999999996,93.7,11.590789794921875,28.031579971313477,0,0,1,0,7
40.39999999999996,93.85000000000001,11.590789794921875,28.031579971313477,0,0,1,0,7
40.39999999999996,94.00000000000001,11.004386901855469,32.3157844543457,0,0,1,0,7
40.39999999999996,94.15000000000002,11.004386901855469,32.3157844543457,0,0,1,0,7
40.39999999999996,94.30000000000003,11.004386901855469,32.3157844543457,0,0,1,0,7
40.39999999999996,94.45000000000003,11.004386901855469,32.3157844543457,0,0,1,0,7
40.39999999999996,94.60000000000004,10.672369003295898,35.51578903198242,0,0,1,0,7
40.39999999999996,94.75000000000004,10.672369003295898,35.51578903198242,0,0,1,0,7
40.39999999999996,94.90000000000005,10.672369003295898,35.51578903198242,0,0,1,0,7
40.39999999999996,95.05000000000005,9.854825019836426,42.15262985229492,0,0,1,0,7
40.39999999999996,95.20000000000006,9.854825019836426,42.15262985229492,0,0,1,0,7
40.39999999999996,95.35000000000007,9.854825019836426,42.15262985229492,0,0,1,0,7
40.39999999999996,95.50000000000007,9.178947448730469,49.478946685791016,0,0,1,0,7
40.39999999999996,95.65000000000008,9.178947448730469,49.478946685791016,0,0,0,0,1
40.39999999999996,95.80000000000008,9.178947448730469,49.478946685791016,0,0,1,0,7
40.39999999999996,95.95000000000009,9.178947448730469,49.478946685791016,0,0,1,0,7
40.39999999999996,96.1000000000001,8.60570240020752,59.11579513549805,0,0,1,0,7
40.39999999999996,96.2500000000001,8.60570240020752,59.11579513549805,1,0,0,0,4
40.39999999999996,96.4000000000001,8.60570240020752,59.11579513549805,0,0,1,0,7
40.39999999999996,96.55000000000011,7.9083333015441895,70.38947296142578,0,0,1,0,7
40.39999999999996,96.70000000000012,7.9083333015441895,70.38947296142578,0,0,1,0,7
40.39999999999996,96.85000000000012,7.9083333015441895,70.38947296142578,0,0,1,0,7
40.39999999999996,97.00000000000013,8.573684692382812,76.47894287109375,0,0,0,0,1
40.39999999999996,97.15000000000013,8.573684692382812,76.47894287109375,0,0,0,0,1
40.39999999999996,97.30000000000014,8.573684692382812,76.47894287109375,0,0,1,0,7
40.39999999999996,97.45000000000014,8.573684692382812,76.47894287109375,0,0,1,0,7
40.39999999999996,97.60000000000015,9.490788459777832,82.52105712890625,1,0,0,0,4
40.39999999999996,97.75000000000016,9.490788459777832,82.52105712890625,0,0,1,0,7
40.39999999999996,97.90000000000016,9.490788459777832,82.52105712890625,0,0,1,0,7
40.39999999999996,98.05000000000017,9.767982482910156,88.90526580810547,0,0,1,0,7
40.39999999999996,98.20000000000017,9.767982482910156,88.90526580810547,0,0,1,0,7
40.39999999999996,98.35000000000018,9.767982482910156,88.90526580810547,0,0,1,0,7
40.39999999999996,98.50000000000018,9.484650611877441,92.0789566040039,0,0,1,0,7
40.39999999999996,98.65000000000019,9.484650611877441,92.0789566040039,0,0,1,0,7
40.39999999999996,98.8000000000002,9.484650611877441,92.0789566040039,0,0,1,0,7
40.39999999999996,98.9500000000002,9.484650611877441,92.0789566040039,0,0,1,0,7
40.39999999999996,99.10000000000021,9.461841583251953,86.56315612792969,0,0,1,0,7
40.39999999999996,99.25000000000021,9.461841583251953,86.56315612792969,0,0,1,0,7
40.39999999999996,99.40000000000022,9.461841583251953,86.56315612792969,0,0,1,0,7
40.39999999999996,99.55000000000022,9.554823875427246,75.77893829345703,0,0,1,0,7
40.39999999999996,99.70000000000023,9.554823875427246,75.77893829345703,0,0,0,0,1
40.39999999999996,99.85000000000024,9.554823875427246,75.77893829345703,0,0,1,0,7
40.39999999999996,100.00000000000024,9.34912395477295,65.69999694824219,0,0,1,0,7
40.39999999999996,100.15000000000025,9.34912395477295,65.69999694824219,0,0,1,0,7
40.39999999999996,100.30000000000025,9.34912395477295,65.69999694824219,0,0,1,0,7
40.39999999999996,100.45000000000026,9.34912395477295,65.69999694824219,0,0,1,0,7
40.39999999999996,100.60000000000026,9.49780559539795,59.04737091064453,0,0,1,0,7
40.39999999999996,100.75000000000027,9.49780559539795,59.04737091064453,0,0,1,0,7
40.39999999999996,100.90000000000028,9.49780559539795,59.04737091064453,0,0,1,0,7
40.39999999999996,101.05000000000028,9.870613098144531,56.82632064819336,0,0,1,0,7
40.39999999999996,101.20000000000029,9.870613098144531,56.82632064819336,0,0,1,0,7
40.39999999999996,101.35000000000029,9.870613098144531,56.82632064819336,0,0,1,0,7
40.39999999999996,101.5000000000003,9.847807884216309,58.23158645629883,0,0,1,0,7
40.39999999999996,101.6500000000003,9.847807884216309,58.23158645629883,0,0,1,0,7
40.39999999999996,101.80000000000031,9.847807884216309,58.23158645629883,0,0,1,0,7
40.39999999999996,101.95000000000032,9.847807884216309,58.23158645629883,0,0,1,0,7
40.39999999999996,102.10000000000032,9.521491050720215,61.894737243652344,0,0,1,0,7
40.39999999999996,102.25000000000033,9.521491050720215,61.894737243652344,0,0,1,0,7
40.39999999999996,102.40000000000033,9.521491050720215,61.894737243652344,0,0,1,0,7
40.39999999999996,102.55000000000034,9.06315803527832,68.26315307617188,0,0,1,0,7
40.39999999999996,102.70000000000034,9.06315803527832,68.26315307617188,0,0,1,0,7
40.39999999999996,102.85000000000035,9.06315803527832,68.26315307617188,0,0,1,0,7
40.39999999999996,103.00000000000036,8.697367668151855,78.6473617553711,0,0,1,0,7
40.39999999999996,103.15000000000036,8.697367668151855,78.6473617553711,0,0,1,0,7
40.39999999999996,103.30000000000037,8.697367668151855,78.6473617553711,0,0,1,0,7
40.39999999999996,103.45000000000037,8.697367668151855,78.6473617553711,0,0,1,0,7
