lat,lon,esi
36.2,93.7,0.04049066362891219
36.2,93.85000000000001,0.27177114990377915
36.2,94.00000000000001,0.04445145890057447
36.2,94.15000000000002,0.04445145890057447
36.2,94.30000000000003,0.04445145890057447
36.2,94.45000000000003,0.04445145890057447
36.2,94.60000000000004,0.04981740235173317
36.2,94.75000000000004,0.04981740235173317
36.2,94.90000000000005,0.04981740235173317
36.2,95.05000000000005,0.051736174015488544
36.2,95.20000000000006,0.051736174015488544
36.2,95.35000000000007,0.051736174015488544
36.2,95.50000000000007,0.05479412744649959
36.2,95.65000000000008,0.05479412744649959
36.2,95.80000000000008,0.05479412744649959
36.2,95.95000000000009,0.05479412744649959
36.2,96.1000000000001,0.05625260166844901
36.2,96.2500000000001,0.05625260166844901
36.2,96.4000000000001,0.05625260166844901
36.2,96.55000000000011,0.06324014674278777
36.2,96.70000000000012,0.06324014674278777
36.2,96.85000000000012,0.06324014674278777
36.2,97.00000000000013,0.07453243525662945
36.2,97.15000000000013,0.07453243525662945
36.2,97.30000000000014,0.3058129215314964
36.2,97.45000000000014,0.3058129215314964
36.2,97.60000000000015,0.08019590945844816
36.2,97.75000000000016,0.08019590945844816
36.2,97.90000000000016,0.31147639573331515
36.2,98.05000000000017,0.30540842599866835
36.2,98.20000000000017,0.30540842599866835
36.2,98.35000000000018,0.30540842599866835
36.2,98.50000000000018,0.2994264066417127
36.2,98.65000000000019,0.06814592036684577
36.2,98.8000000000002,0.06814592036684577
36.2,98.9500000000002,0.2994264066417127
36.2,99.10000000000021,0.30716852676036677
36.2,99.25000000000021,0.30716852676036677
36.2,99.40000000000022,0.30716852676036677
36.2,99.55000000000022,0.31979060577063995
36.2,99.70000000000023,0.31979060577063995
36.2,99.85000000000024,0.31979060577063995
36.2,100.00000000000024,0.32727531463410453
36.2,100.15000000000025,0.32727531463410453
36.2,100.30000000000025,0.09599482835923753
36.2,100.45000000000026,0.09599482835923753
36.2,100.60000000000026,0.33194843962158965
36.2,100.75000000000027,0.33194843962158965
36.2,100.90000000000028,0.33194843962158965
36.2,101.05000000000028,0.33600618484343303
36.2,101.20000000000029,0.33600618484343303
36.2,101.35000000000029,0.33600618484343303
36.2,101.5000000000003,0.3431933082719365
36.2,101.6500000000003,0.3431933082719365
36.2,101.80000000000031,0.3431933082719365
36.2,101.95000000000032,0.3431933082719365
36.2,102.10000000000032,0.11434981739586643
36.2,102.25000000000033,0.3456303036707334
36.2,102.40000000000033,0.3456303036707334
36.2,102.55000000000034,0.5578494276422085
36.2,102.70000000000034,0.11753256154731931
36.2,102.85000000000035,0.34881304782218625
36.2,103.00000000000036,0.35060706604329595
36.2,103.15000000000036,0.11932657976842899
36.2,103.30000000000037,0.35060706604329595
36.2,103.45000000000037,0.35060706604329595
36.35,93.7,0.04049066362891219
36.35,93.85000000000001,0.04049066362891219
36.35,94.00000000000001,0.04445145890057447
36.35,94.15000000000002,0.04445145890057447
36.35,94.30000000000003,0.04445145890057447
36.35,94.45000000000003,0.04445145890057447
36.35,94.60000000000004,0.04981740235173317
36.35,94.75000000000004,0.04981740235173317
36.35,94.90000000000005,0.04981740235173317
36.35,95.05000000000005,0.051736174015488544
36.35,95.20000000000006,0.051736174015488544
36.35,95.35000000000007,0.051736174015488544
36.35,95.50000000000007,0.05479412744649959
36.35,95.65000000000008,0.05479412744649959
36.35,95.80000000000008,0.05479412744649959
36.35,95.95000000000009,0.05479412744649959
36.35,96.1000000000001,0.05625260166844901
36.35,96.2500000000001,0.05625260166844901
36.35,96.4000000000001,0.05625260166844901
36.35,96.55000000000011,0.06324014674278777
36.35,96.70000000000012,0.06324014674278777
36.35,96.85000000000012,0.06324014674278777
36.35,97.00000000000013,0.3058129215314964
36.35,97.15000000000013,0.3058129215314964
36.35,97.30000000000014,0.3058129215314964
36.35,97.45000000000014,0.3058129215314964
36.35,97.60000000000015,0.31147639573331515
36.35,97.75000000000016,0.08019590945844816
36.35,97.90000000000016,0.08019590945844816
36.35,98.05000000000017,0.07412793972380138
36.35,98.20000000000017,0.30540842599866835
36.35,98.35000000000018,0.30540842599866835
36.35,98.50000000000018,0.06814592036684577
36.35,98.65000000000019,0.2994264066417127
36.35,98.8000000000002,0.2994264066417127
36.35,98.9500000000002,0.06814592036684577
36.35,99.10000000000021,0.30716852676036677
36.35,99.25000000000021,0.30716852676036677
36.35,99.40000000000022,0.30716852676036677
36.35,99.55000000000022,0.31979060577063995
36.35,99.70000000000023,0.31979060577063995
36.35,99.85000000000024,0.31979060577063995
36.35,100.00000000000024,0.32727531463410453
36.35,100.15000000000025,0.32727531463410453
36.35,100.30000000000025,0.32727531463410453
36.35,100.45000000000026,0.32727531463410453
36.35,100.60000000000026,0.33194843962158965
36.35,100.75000000000027,0.33194843962158965
36.35,100.90000000000028,0.33194843962158965
36.35,101.05000000000028,0.33600618484343303
36.35,101.20000000000029,0.33600618484343303
36.35,101.35000000000029,0.33600618484343303
36.35,101.5000000000003,0.3431933082719365
36.35,101.6500000000003,0.3431933082719365
36.35,101.80000000000031,0.3431933082719365
36.35,101.95000000000032,0.3431933082719365
36.35,102.10000000000032,0.3456303036707334
36.35,102.25000000000033,0.3456303036707334
36.35,102.40000000000033,0.3456303036707334
36.35,102.55000000000034,0.34881304782218625
36.35,102.70000000000034,0.34881304782218625
36.35,102.85000000000035,0.34881304782218625
36.35,103.00000000000036,0.35060706604329595
36.35,103.15000000000036,0.35060706604329595
36.35,103.30000000000037,0.35060706604329595
36.35,103.45000000000037,0.35060706604329595
36.5,93.7,0.04508668576849023
36.5,93.85000000000001,0.04508668576849023
36.5,94.00000000000001,0.04961936242254046
36.5,94.15000000000002,0.04961936242254046
36.5,94.30000000000003,0.04961936242254046
36.5,94.45000000000003,0.04961936242254046
36.5,94.60000000000004,0.28472715114869407
36.5,94.75000000000004,0.28472715114869407
36.5,94.90000000000005,0.28472715114869407
36.5,95.05000000000005,0.2874183210637675
36.5,95.20000000000006,0.2874183210637675
36.5,95.35000000000007,0.2874183210637675
36.5,95.50000000000007,0.05774379118739395
36.5,95.65000000000008,0.2890242774622609
36.5,95.80000000000008,0.2890242774622609
36.5,95.95000000000009,0.05774379118739395
36.5,96.1000000000001,0.058430843354062886
36.5,96.2500000000001,0.28971132962892987
36.5,96.4000000000001,0.28971132962892987
36.5,96.55000000000011,0.06349627435129336
36.5,96.70000000000012,0.06349627435129336
36.5,96.85000000000012,0.06349627435129336
36.5,97.00000000000013,0.0730107939574568
36.5,97.15000000000013,0.0730107939574568
36.5,97.30000000000014,0.0730107939574568
36.5,97.45000000000014,0.0730107939574568
36.5,97.60000000000015,0.07527924848410009
36.5,97.75000000000016,0.07527924848410009
36.5,97.90000000000016,0.07527924848410009
36.5,98.05000000000017,0.30626430312056163
36.5,98.20000000000017,0.30626430312056163
36.5,98.35000000000018,0.30626430312056163
36.5,98.50000000000018,0.30398723702307306
36.5,98.65000000000019,0.30398723702307306
36.5,98.8000000000002,0.30398723702307306
36.5,98.9500000000002,0.30398723702307306
36.5,99.10000000000021,0.30902429519398833
36.5,99.25000000000021,0.30902429519398833
36.5,99.40000000000022,0.30902429519398833
36.5,99.55000000000022,0.0876559445215479
36.5,99.70000000000023,0.31893643079641487
36.5,99.85000000000024,0.31893643079641487
36.5,100.00000000000024,0.32667624012115304
36.5,100.15000000000025,0.32667624012115304
36.5,100.30000000000025,0.32667624012115304
36.5,100.45000000000026,0.32667624012115304
36.5,100.60000000000026,0.3315663544632583
36.5,100.75000000000027,0.3315663544632583
36.5,100.90000000000028,0.3315663544632583
36.5,101.05000000000028,0.33688313864231917
36.5,101.20000000000029,0.33688313864231917
36.5,101.35000000000029,0.33688313864231917
36.5,101.5000000000003,0.3455548633381632
36.5,101.6500000000003,0.3455548633381632
36.5,101.80000000000031,0.3455548633381632
36.5,101.95000000000032,0.3455548633381632
36.5,102.10000000000032,0.33946667132317054
36.5,102.25000000000033,0.33946667132317054
36.5,102.40000000000033,0.33946667132317054
36.5,102.55000000000034,0.3385514468724905
36.5,102.70000000000034,0.3385514468724905
36.5,102.85000000000035,0.3385514468724905
36.5,103.00000000000036,0.3366028025559774
36.5,103.15000000000036,0.3366028025559774
36.5,103.30000000000037,0.3366028025559774
36.5,103.45000000000037,0.3366028025559774
36.65,93.7,0.04508668576849023
36.65,93.85000000000001,0.04508668576849023
36.65,94.00000000000001,0.2808998486974074
36.65,94.15000000000002,0.04961936242254046
36.65,94.30000000000003,0.04961936242254046
36.65,94.45000000000003,0.04961936242254046
36.65,94.60000000000004,0.05344666487382709
36.65,94.75000000000004,0.28472715114869407
36.65,94.90000000000005,0.05344666487382709
36.65,95.05000000000005,0.056137834788900526
36.65,95.20000000000006,0.056137834788900526
36.65,95.35000000000007,0.056137834788900526
36.65,95.50000000000007,0.05774379118739395
36.65,95.65000000000008,0.05774379118739395
36.65,95.80000000000008,0.05774379118739395
36.65,95.95000000000009,0.05774379118739395
36.65,96.1000000000001,0.058430843354062886
36.65,96.2500000000001,0.058430843354062886
36.65,96.4000000000001,0.058430843354062886
36.65,96.55000000000011,0.06349627435129336
36.65,96.70000000000012,0.06349627435129336
36.65,96.85000000000012,0.06349627435129336
36.65,97.00000000000013,0.0730107939574568
36.65,97.15000000000013,0.0730107939574568
36.65,97.30000000000014,0.0730107939574568
36.65,97.45000000000014,0.0730107939574568
36.65,97.60000000000015,0.07527924848410009
36.65,97.75000000000016,0.07527924848410009
36.65,97.90000000000016,0.07527924848410009
36.65,98.05000000000017,0.07498381684569469
36.65,98.20000000000017,0.07498381684569469
36.65,98.35000000000018,0.30626430312056163
36.65,98.50000000000018,0.30398723702307306
36.65,98.65000000000019,0.30398723702307306
36.65,98.8000000000002,0.30398723702307306
36.65,98.9500000000002,0.07270675074820611
36.65,99.10000000000021,0.30902429519398833
36.65,99.25000000000021,0.07774380891912135
36.65,99.40000000000022,0.30902429519398833
36.65,99.55000000000022,0.31893643079641487
36.65,99.70000000000023,0.31893643079641487
36.65,99.85000000000024,0.31893643079641487
36.65,100.00000000000024,0.32667624012115304
36.65,100.15000000000025,0.4918816818486291
36.65,100.30000000000025,0.32667624012115304
36.65,100.45000000000026,0.4918816818486291
36.65,100.60000000000026,0.4967717961907344
36.65,100.75000000000027,0.3315663544632583
36.65,100.90000000000028,0.3315663544632583
36.65,101.05000000000028,0.33688313864231917
36.65,101.20000000000029,0.33688313864231917
36.65,101.35000000000029,0.33688313864231917
36.65,101.5000000000003,0.11427437706329621
36.65,101.6500000000003,0.3455548633381632
36.65,101.80000000000031,0.3455548633381632
36.65,101.95000000000032,0.3455548633381632
36.65,102.10000000000032,0.33946667132317054
36.65,102.25000000000033,0.33946667132317054
36.65,102.40000000000033,0.5485030511431928
36.65,102.55000000000034,0.3385514468724905
36.65,102.70000000000034,0.5475878266925127
36.65,102.85000000000035,0.5475878266925127
36.65,103.00000000000036,0.3366028025559774
36.65,103.15000000000036,0.3366028025559774
36.65,103.30000000000037,0.10532231628111045
36.65,103.45000000000037,0.3366028025559774
36.8,93.7,0.2763671720433572
36.8,93.85000000000001,0.04508668576849023
36.8,94.00000000000001,0.04961936242254046
36.8,94.15000000000002,0.04961936242254046
36.8,94.30000000000003,0.04961936242254046
36.8,94.45000000000003,0.04961936242254046
36.8,94.60000000000004,0.05344666487382709
36.8,94.75000000000004,0.05344666487382709
36.8,94.90000000000005,0.05344666487382709
36.8,95.05000000000005,0.056137834788900526
36.8,95.20000000000006,0.4526237627912436
36.8,95.35000000000007,0.4526237627912436
36.8,95.50000000000007,0.05774379118739395
36.8,95.65000000000008,0.05774379118739395
36.8,95.80000000000008,0.4542297191897371
36.8,95.95000000000009,0.05774379118739395
36.8,96.1000000000001,0.058430843354062886
36.8,96.2500000000001,0.058430843354062886
36.8,96.4000000000001,0.058430843354062886
36.8,96.55000000000011,0.06349627435129336
36.8,96.70000000000012,0.06349627435129336
36.8,96.85000000000012,0.06349627435129336
36.8,97.00000000000013,0.0730107939574568
36.8,97.15000000000013,0.0730107939574568
36.8,97.30000000000014,0.0730107939574568
36.8,97.45000000000014,0.0730107939574568
36.8,97.60000000000015,0.07527924848410009
36.8,97.75000000000016,0.07527924848410009
36.8,97.90000000000016,0.30655973475896703
36.8,98.05000000000017,0.07498381684569469
36.8,98.20000000000017,0.07498381684569469
36.8,98.35000000000018,0.07498381684569469
36.8,98.50000000000018,0.07270675074820611
36.8,98.65000000000019,0.07270675074820611
36.8,98.8000000000002,0.30398723702307306
36.8,98.9500000000002,0.07270675074820611
36.8,99.10000000000021,0.30902429519398833
36.8,99.25000000000021,0.30902429519398833
36.8,99.40000000000022,0.30902429519398833
36.8,99.55000000000022,0.31893643079641487
36.8,99.70000000000023,0.31893643079641487
36.8,99.85000000000024,0.484141872523891
36.8,100.00000000000024,0.4918816818486291
36.8,100.15000000000025,0.4918816818486291
36.8,100.30000000000025,0.4918816818486291
36.8,100.45000000000026,0.4918816818486291
36.8,100.60000000000026,0.4967717961907344
36.8,100.75000000000027,0.4967717961907344
36.8,100.90000000000028,0.3315663544632583
36.8,101.05000000000028,0.33688313864231917
36.8,101.20000000000029,0.33688313864231917
36.8,101.35000000000029,0.33688313864231917
36.8,101.5000000000003,0.11427437706329621
36.8,101.6500000000003,0.11427437706329621
36.8,101.80000000000031,0.3455548633381632
36.8,101.95000000000032,0.11427437706329621
36.8,102.10000000000032,0.1081861850483036
36.8,102.25000000000033,0.33946667132317054
36.8,102.40000000000033,0.33946667132317054
36.8,102.55000000000034,0.5475878266925127
36.8,102.70000000000034,0.5475878266925127
36.8,102.85000000000035,0.3385514468724905
36.8,103.00000000000036,0.3366028025559774
36.8,103.15000000000036,0.3366028025559774
36.8,103.30000000000037,0.3366028025559774
36.8,103.45000000000037,0.3366028025559774
36.949999999999996,93.7,0.04508668576849023
36.949999999999996,93.85000000000001,0.04508668576849023
36.949999999999996,94.00000000000001,0.04961936242254046
36.949999999999996,94.15000000000002,0.04961936242254046
36.949999999999996,94.30000000000003,0.04961936242254046
36.949999999999996,94.45000000000003,0.04961936242254046
36.949999999999996,94.60000000000004,0.05344666487382709
36.949999999999996,94.75000000000004,0.05344666487382709
36.949999999999996,94.90000000000005,0.28472715114869407
36.949999999999996,95.05000000000005,0.056137834788900526
36.949999999999996,95.20000000000006,0.4526237627912436
36.949999999999996,95.35000000000007,0.056137834788900526
36.949999999999996,95.50000000000007,0.05774379118739395
36.949999999999996,95.65000000000008,0.4542297191897371
36.949999999999996,95.80000000000008,0.05774379118739395
36.949999999999996,95.95000000000009,0.05774379118739395
36.949999999999996,96.1000000000001,0.058430843354062886
36.949999999999996,96.2500000000001,0.058430843354062886
36.949999999999996,96.4000000000001,0.058430843354062886
36.949999999999996,96.55000000000011,0.06349627435129336
36.949999999999996,96.70000000000012,0.06349627435129336
36.949999999999996,96.85000000000012,0.06349627435129336
36.949999999999996,97.00000000000013,0.0730107939574568
36.949999999999996,97.15000000000013,0.0730107939574568
36.949999999999996,97.30000000000014,0.0730107939574568
36.949999999999996,97.45000000000014,0.0730107939574568
36.949999999999996,97.60000000000015,0.07527924848410009
36.949999999999996,97.75000000000016,0.30655973475896703
36.949999999999996,97.90000000000016,0.30655973475896703
36.949999999999996,98.05000000000017,0.07498381684569469
36.949999999999996,98.20000000000017,0.07498381684569469
36.949999999999996,98.35000000000018,0.30626430312056163
36.949999999999996,98.50000000000018,0.30398723702307306
36.949999999999996,98.65000000000019,0.30398723702307306
36.949999999999996,98.8000000000002,0.30398723702307306
36.949999999999996,98.9500000000002,0.30398723702307306
36.949999999999996,99.10000000000021,0.30902429519398833
36.949999999999996,99.25000000000021,0.30902429519398833
36.949999999999996,99.40000000000022,0.30902429519398833
36.949999999999996,99.55000000000022,0.31893643079641487
36.949999999999996,99.70000000000023,0.484141872523891
36.949999999999996,99.85000000000024,0.484141872523891
36.949999999999996,100.00000000000024,0.4918816818486291
36.949999999999996,100.15000000000025,0.4918816818486291
36.949999999999996,100.30000000000025,0.4918816818486291
36.949999999999996,100.45000000000026,0.4918816818486291
36.949999999999996,100.60000000000026,0.1002858681883913
36.949999999999996,100.75000000000027,0.3315663544632583
36.949999999999996,100.90000000000028,0.3315663544632583
36.949999999999996,101.05000000000028,0.33688313864231917
36.949999999999996,101.20000000000029,0.33688313864231917
36.949999999999996,101.35000000000029,0.33688313864231917
36.949999999999996,101.5000000000003,0.3455548633381632
36.949999999999996,101.6500000000003,0.11427437706329621
36.949999999999996,101.80000000000031,0.3455548633381632
36.949999999999996,101.95000000000032,0.3455548633381632
36.949999999999996,102.10000000000032,0.33946667132317054
36.949999999999996,102.25000000000033,0.5485030511431928
36.949999999999996,102.40000000000033,0.5485030511431928
36.949999999999996,102.55000000000034,0.3385514468724905
36.949999999999996,102.70000000000034,0.3385514468724905
36.949999999999996,102.85000000000035,0.3385514468724905
36.949999999999996,103.00000000000036,0.3366028025559774
36.949999999999996,103.15000000000036,0.3366028025559774
36.949999999999996,103.30000000000037,0.3366028025559774
36.949999999999996,103.45000000000037,0.3366028025559774
37.099999999999994,93.7,0.04636743280955439
37.099999999999994,93.85000000000001,0.04636743280955439
37.099999999999994,94.00000000000001,0.04859286754522249
37.099999999999994,94.15000000000002,0.04859286754522249
37.099999999999994,94.30000000000003,0.04859286754522249
37.099999999999994,94.45000000000003,0.04859286754522249
37.099999999999994,94.60000000000004,0.05187731094052266
37.099999999999994,94.75000000000004,0.05187731094052266
37.099999999999994,94.90000000000005,0.05187731094052266
37.099999999999994,95.05000000000005,0.051147657497753955
37.099999999999994,95.20000000000006,0.051147657497753955
37.099999999999994,95.35000000000007,0.051147657497753955
37.099999999999994,95.50000000000007,0.051402453060600005
37.099999999999994,95.65000000000008,0.051402453060600005
37.099999999999994,95.80000000000008,0.051402453060600005
37.099999999999994,95.95000000000009,0.051402453060600005
37.099999999999994,96.1000000000001,0.051112824329396116
37.099999999999994,96.2500000000001,0.051112824329396116
37.099999999999994,96.4000000000001,0.051112824329396116
37.099999999999994,96.55000000000011,0.06272623942113323
37.099999999999994,96.70000000000012,0.06272623942113323
37.099999999999994,96.85000000000012,0.06272623942113323
37.099999999999994,97.00000000000013,0.467360797330175
37.099999999999994,97.15000000000013,0.07087486932783188
37.099999999999994,97.30000000000014,0.07087486932783188
37.099999999999994,97.45000000000014,0.07087486932783188
37.099999999999994,97.60000000000015,0.07227494005837784
37.099999999999994,97.75000000000016,0.07227494005837784
37.099999999999994,97.90000000000016,0.07227494005837784
37.099999999999994,98.05000000000017,0.2992232528513185
37.099999999999994,98.20000000000017,0.06794276657645155
37.099999999999994,98.35000000000018,0.2992232528513185
37.099999999999994,98.50000000000018,0.29984724325567763
37.099999999999994,98.65000000000019,0.29984724325567763
37.099999999999994,98.8000000000002,0.29984724325567763
37.099999999999994,98.9500000000002,0.29984724325567763
37.099999999999994,99.10000000000021,0.30896732151524403
37.099999999999994,99.25000000000021,0.30896732151524403
37.099999999999994,99.40000000000022,0.30896732151524403
37.099999999999994,99.55000000000022,0.3173362415619444
37.099999999999994,99.70000000000023,0.3173362415619444
37.099999999999994,99.85000000000024,0.4825416832894205
37.099999999999994,100.00000000000024,0.49181763946268664
37.099999999999994,100.15000000000025,0.49181763946268664
37.099999999999994,100.30000000000025,0.49181763946268664
37.099999999999994,100.45000000000026,0.32661219773521044
37.099999999999994,100.60000000000026,0.32611573918397724
37.099999999999994,100.75000000000027,0.32611573918397724
37.099999999999994,100.90000000000028,0.32611573918397724
37.099999999999994,101.05000000000028,0.3315106774204942
37.099999999999994,101.20000000000029,0.3315106774204942
37.099999999999994,101.35000000000029,0.3315106774204942
37.099999999999994,101.5000000000003,0.3379508433736002
37.099999999999994,101.6500000000003,0.3379508433736002
37.099999999999994,101.80000000000031,0.3379508433736002
37.099999999999994,101.95000000000032,0.3379508433736002
37.099999999999994,102.10000000000032,0.3305643720478526
37.099999999999994,102.25000000000033,0.5396007518678748
37.099999999999994,102.40000000000033,0.5396007518678748
37.099999999999994,102.55000000000034,0.3285792076139882
37.099999999999994,102.70000000000034,0.3285792076139882
37.099999999999994,102.85000000000035,0.3285792076139882
37.099999999999994,103.00000000000036,0.3268675446913826
37.099999999999994,103.15000000000036,0.3268675446913826
37.099999999999994,103.30000000000037,0.3268675446913826
37.099999999999994,103.45000000000037,0.3268675446913826
37.24999999999999,93.7,0.04636743280955439
37.24999999999999,93.85000000000001,0.04636743280955439
37.24999999999999,94.00000000000001,0.04859286754522249
37.24999999999999,94.15000000000002,0.04859286754522249
37.24999999999999,94.30000000000003,0.04859286754522249
37.24999999999999,94.45000000000003,0.04859286754522249
37.24999999999999,94.60000000000004,0.05187731094052266
37.24999999999999,94.75000000000004,0.05187731094052266
37.24999999999999,94.90000000000005,0.05187731094052266
37.24999999999999,95.05000000000005,0.051147657497753955
37.24999999999999,95.20000000000006,0.051147657497753955
37.24999999999999,95.35000000000007,0.051147657497753955
37.24999999999999,95.50000000000007,0.051402453060600005
37.24999999999999,95.65000000000008,0.051402453060600005
37.24999999999999,95.80000000000008,0.051402453060600005
37.24999999999999,95.95000000000009,0.051402453060600005
37.24999999999999,96.1000000000001,0.051112824329396116
37.24999999999999,96.2500000000001,0.051112824329396116
37.24999999999999,96.4000000000001,0.051112824329396116
37.24999999999999,96.55000000000011,0.06272623942113323
37.24999999999999,96.70000000000012,0.06272623942113323
37.24999999999999,96.85000000000012,0.06272623942113323
37.24999999999999,97.00000000000013,0.30215535560269885
37.24999999999999,97.15000000000013,0.07087486932783188
37.24999999999999,97.30000000000014,0.07087486932783188
37.24999999999999,97.45000000000014,0.07087486932783188
37.24999999999999,97.60000000000015,0.30355542633324484
37.24999999999999,97.75000000000016,0.30355542633324484
37.24999999999999,97.90000000000016,0.30355542633324484
37.24999999999999,98.05000000000017,0.2992232528513185
37.24999999999999,98.20000000000017,0.2992232528513185
37.24999999999999,98.35000000000018,0.2992232528513185
37.24999999999999,98.50000000000018,0.29984724325567763
37.24999999999999,98.65000000000019,0.29984724325567763
37.24999999999999,98.8000000000002,0.29984724325567763
37.24999999999999,98.9500000000002,0.29984724325567763
37.24999999999999,99.10000000000021,0.30896732151524403
37.24999999999999,99.25000000000021,0.30896732151524403
37.24999999999999,99.40000000000022,0.30896732151524403
37.24999999999999,99.55000000000022,0.3173362415619444
37.24999999999999,99.70000000000023,0.3173362415619444
37.24999999999999,99.85000000000024,0.3173362415619444
37.24999999999999,100.00000000000024,0.32661219773521044
37.24999999999999,100.15000000000025,0.32661219773521044
37.24999999999999,100.30000000000025,0.32661219773521044
37.24999999999999,100.45000000000026,0.32661219773521044
37.24999999999999,100.60000000000026,0.32611573918397724
37.24999999999999,100.75000000000027,0.32611573918397724
37.24999999999999,100.90000000000028,0.32611573918397724
37.24999999999999,101.05000000000028,0.3315106774204942
37.24999999999999,101.20000000000029,0.3315106774204942
37.24999999999999,101.35000000000029,0.3315106774204942
37.24999999999999,101.5000000000003,0.3379508433736002
37.24999999999999,101.6500000000003,0.3379508433736002
37.24999999999999,101.80000000000031,0.3379508433736002
37.24999999999999,101.95000000000032,0.5469872231936224
37.24999999999999,102.10000000000032,0.3305643720478526
37.24999999999999,102.25000000000033,0.3305643720478526
37.24999999999999,102.40000000000033,0.3305643720478526
37.24999999999999,102.55000000000034,0.3285792076139882
37.24999999999999,102.70000000000034,0.3285792076139882
37.24999999999999,102.85000000000035,0.09729872133912124
37.24999999999999,103.00000000000036,0.3268675446913826
37.24999999999999,103.15000000000036,0.5359039245114048
37.24999999999999,103.30000000000037,0.3268675446913826
37.24999999999999,103.45000000000037,0.3268675446913826
37.39999999999999,93.7,0.04636743280955439
37.39999999999999,93.85000000000001,0.04636743280955439
37.39999999999999,94.00000000000001,0.04859286754522249
37.39999999999999,94.15000000000002,0.04859286754522249
37.39999999999999,94.30000000000003,0.04859286754522249
37.39999999999999,94.45000000000003,0.04859286754522249
37.39999999999999,94.60000000000004,0.05187731094052266
37.39999999999999,94.75000000000004,0.05187731094052266
37.39999999999999,94.90000000000005,0.05187731094052266
37.39999999999999,95.05000000000005,0.051147657497753955
37.39999999999999,95.20000000000006,0.051147657497753955
37.39999999999999,95.35000000000007,0.051147657497753955
37.39999999999999,95.50000000000007,0.051402453060600005
37.39999999999999,95.65000000000008,0.051402453060600005
37.39999999999999,95.80000000000008,0.051402453060600005
37.39999999999999,95.95000000000009,0.051402453060600005
37.39999999999999,96.1000000000001,0.051112824329396116
37.39999999999999,96.2500000000001,0.051112824329396116
37.39999999999999,96.4000000000001,0.051112824329396116
37.39999999999999,96.55000000000011,0.06272623942113323
37.39999999999999,96.70000000000012,0.29400672569600017
37.39999999999999,96.85000000000012,0.06272623942113323
37.39999999999999,97.00000000000013,0.07087486932783188
37.39999999999999,97.15000000000013,0.07087486932783188
37.39999999999999,97.30000000000014,0.30215535560269885
37.39999999999999,97.45000000000014,0.30215535560269885
37.39999999999999,97.60000000000015,0.30355542633324484
37.39999999999999,97.75000000000016,0.07227494005837784
37.39999999999999,97.90000000000016,0.30355542633324484
37.39999999999999,98.05000000000017,0.2992232528513185
37.39999999999999,98.20000000000017,0.2992232528513185
37.39999999999999,98.35000000000018,0.2992232528513185
37.39999999999999,98.50000000000018,0.29984724325567763
37.39999999999999,98.65000000000019,0.29984724325567763
37.39999999999999,98.8000000000002,0.29984724325567763
37.39999999999999,98.9500000000002,0.29984724325567763
37.39999999999999,99.10000000000021,0.30896732151524403
37.39999999999999,99.25000000000021,0.30896732151524403
37.39999999999999,99.40000000000022,0.30896732151524403
37.39999999999999,99.55000000000022,0.3173362415619444
37.39999999999999,99.70000000000023,0.3173362415619444
37.39999999999999,99.85000000000024,0.3173362415619444
37.39999999999999,100.00000000000024,0.32661219773521044
37.39999999999999,100.15000000000025,0.32661219773521044
37.39999999999999,100.30000000000025,0.32661219773521044
37.39999999999999,100.45000000000026,0.32661219773521044
37.39999999999999,100.60000000000026,0.32611573918397724
37.39999999999999,100.75000000000027,0.32611573918397724
37.39999999999999,100.90000000000028,0.32611573918397724
37.39999999999999,101.05000000000028,0.3315106774204942
37.39999999999999,101.20000000000029,0.3315106774204942
37.39999999999999,101.35000000000029,0.3315106774204942
37.39999999999999,101.5000000000003,0.10667035709873324
37.39999999999999,101.6500000000003,0.10667035709873324
37.39999999999999,101.80000000000031,0.3379508433736002
37.39999999999999,101.95000000000032,0.3379508433736002
37.39999999999999,102.10000000000032,0.3305643720478526
37.39999999999999,102.25000000000033,0.3305643720478526
37.39999999999999,102.40000000000033,0.3305643720478526
37.39999999999999,102.55000000000034,0.5376155874340104
37.39999999999999,102.70000000000034,0.3285792076139882
37.39999999999999,102.85000000000035,0.3285792076139882
37.39999999999999,103.00000000000036,0.3268675446913826
37.39999999999999,103.15000000000036,0.3268675446913826
37.39999999999999,103.30000000000037,0.3268675446913826
37.39999999999999,103.45000000000037,0.3268675446913826
37.54999999999999,93.7,0.44305095863140953
37.54999999999999,93.85000000000001,0.44305095863140953
37.54999999999999,94.00000000000001,0.04691048761918282
37.54999999999999,94.15000000000002,0.04691048761918282
37.54999999999999,94.30000000000003,0.04691048761918282
37.54999999999999,94.45000000000003,0.04691048761918282
37.54999999999999,94.60000000000004,0.045815301715671566
37.54999999999999,94.75000000000004,0.045815301715671566
37.54999999999999,94.90000000000005,0.045815301715671566
37.54999999999999,95.05000000000005,0.04296422237338491
37.54999999999999,95.20000000000006,0.04296422237338491
37.54999999999999,95.35000000000007,0.04296422237338491
37.54999999999999,95.50000000000007,0.4342592543947428
37.54999999999999,95.65000000000008,0.03777332639239969
37.54999999999999,95.80000000000008,0.03777332639239969
37.54999999999999,95.95000000000009,0.03777332639239969
37.54999999999999,96.1000000000001,0.04363236340651569
37.54999999999999,96.2500000000001,0.04363236340651569
37.54999999999999,96.4000000000001,0.04363236340651569
37.54999999999999,96.55000000000011,0.2772453610605834
37.54999999999999,96.70000000000012,0.2772453610605834
37.54999999999999,96.85000000000012,0.2772453610605834
37.54999999999999,97.00000000000013,0.049387507432447283
37.54999999999999,97.15000000000013,0.049387507432447283
37.54999999999999,97.30000000000014,0.049387507432447283
37.54999999999999,97.45000000000014,0.049387507432447283
37.54999999999999,97.60000000000015,0.05323183556508201
37.54999999999999,97.75000000000016,0.284512321839949
37.54999999999999,97.90000000000016,0.284512321839949
37.54999999999999,98.05000000000017,0.058479276966275535
37.54999999999999,98.20000000000017,0.2897597632411425
37.54999999999999,98.35000000000018,0.2897597632411425
37.54999999999999,98.50000000000018,0.29323407204025853
37.54999999999999,98.65000000000019,0.29323407204025853
37.54999999999999,98.8000000000002,0.29323407204025853
37.54999999999999,98.9500000000002,0.29323407204025853
37.54999999999999,99.10000000000021,0.2960879628648358
37.54999999999999,99.25000000000021,0.2960879628648358
37.54999999999999,99.40000000000022,0.2960879628648358
37.54999999999999,99.55000000000022,0.3055640440555462
37.54999999999999,99.70000000000023,0.3055640440555462
37.54999999999999,99.85000000000024,0.3055640440555462
37.54999999999999,100.00000000000024,0.3111805602084989
37.54999999999999,100.15000000000025,0.3111805602084989
37.54999999999999,100.30000000000025,0.3111805602084989
37.54999999999999,100.45000000000026,0.3111805602084989
37.54999999999999,100.60000000000026,0.3169422106465148
37.54999999999999,100.75000000000027,0.3169422106465148
37.54999999999999,100.90000000000028,0.3169422106465148
37.54999999999999,101.05000000000028,0.32140297721726363
37.54999999999999,101.20000000000029,0.32140297721726363
37.54999999999999,101.35000000000029,0.32140297721726363
37.54999999999999,101.5000000000003,0.32277393270473076
37.54999999999999,101.6500000000003,0.32277393270473076
37.54999999999999,101.80000000000031,0.09149344642986376
37.54999999999999,101.95000000000032,0.32277393270473076
37.54999999999999,102.10000000000032,0.09271444048368305
37.54999999999999,102.25000000000033,0.32399492675855
37.54999999999999,102.40000000000033,0.32399492675855
37.54999999999999,102.55000000000034,0.32323442852308176
37.54999999999999,102.70000000000034,0.32323442852308176
37.54999999999999,102.85000000000035,0.32323442852308176
37.54999999999999,103.00000000000036,0.3213357086632621
37.54999999999999,103.15000000000036,0.3213357086632621
37.54999999999999,103.30000000000037,0.3213357086632621
37.54999999999999,103.45000000000037,0.3213357086632621
37.69999999999999,93.7,0.04656503062906641
37.69999999999999,93.85000000000001,0.04656503062906641
37.69999999999999,94.00000000000001,0.04691048761918282
37.69999999999999,94.15000000000002,0.04691048761918282
37.69999999999999,94.30000000000003,0.04691048761918282
37.69999999999999,94.45000000000003,0.04691048761918282
37.69999999999999,94.60000000000004,0.045815301715671566
37.69999999999999,94.75000000000004,0.045815301715671566
37.69999999999999,94.90000000000005,0.045815301715671566
37.69999999999999,95.05000000000005,0.04296422237338491
37.69999999999999,95.20000000000006,0.04296422237338491
37.69999999999999,95.35000000000007,0.04296422237338491
37.69999999999999,95.50000000000007,0.03777332639239969
37.69999999999999,95.65000000000008,0.03777332639239969
37.69999999999999,95.80000000000008,0.03777332639239969
37.69999999999999,95.95000000000009,0.03777332639239969
37.69999999999999,96.1000000000001,0.04363236340651569
37.69999999999999,96.2500000000001,0.04363236340651569
37.69999999999999,96.4000000000001,0.04363236340651569
37.69999999999999,96.55000000000011,0.2772453610605834
37.69999999999999,96.70000000000012,0.2772453610605834
37.69999999999999,96.85000000000012,0.04596487478571644
37.69999999999999,97.00000000000013,0.28066799370731427
37.69999999999999,97.15000000000013,0.049387507432447283
37.69999999999999,97.30000000000014,0.28066799370731427
37.69999999999999,97.45000000000014,0.28066799370731427
37.69999999999999,97.60000000000015,0.284512321839949
37.69999999999999,97.75000000000016,0.284512321839949
37.69999999999999,97.90000000000016,0.05323183556508201
37.69999999999999,98.05000000000017,0.058479276966275535
37.69999999999999,98.20000000000017,0.2897597632411425
37.69999999999999,98.35000000000018,0.2897597632411425
37.69999999999999,98.50000000000018,0.29323407204025853
37.69999999999999,98.65000000000019,0.29323407204025853
37.69999999999999,98.8000000000002,0.29323407204025853
37.69999999999999,98.9500000000002,0.29323407204025853
37.69999999999999,99.10000000000021,0.2960879628648358
37.69999999999999,99.25000000000021,0.2960879628648358
37.69999999999999,99.40000000000022,0.2960879628648358
37.69999999999999,99.55000000000022,0.3055640440555462
37.69999999999999,99.70000000000023,0.3055640440555462
37.69999999999999,99.85000000000024,0.3055640440555462
37.69999999999999,100.00000000000024,0.3111805602084989
37.69999999999999,100.15000000000025,0.3111805602084989
37.69999999999999,100.30000000000025,0.3111805602084989
37.69999999999999,100.45000000000026,0.3111805602084989
37.69999999999999,100.60000000000026,0.3169422106465148
37.69999999999999,100.75000000000027,0.3169422106465148
37.69999999999999,100.90000000000028,0.3169422106465148
37.69999999999999,101.05000000000028,0.32140297721726363
37.69999999999999,101.20000000000029,0.32140297721726363
37.69999999999999,101.35000000000029,0.32140297721726363
37.69999999999999,101.5000000000003,0.09149344642986376
37.69999999999999,101.6500000000003,0.32277393270473076
37.69999999999999,101.80000000000031,0.32277393270473076
37.69999999999999,101.95000000000032,0.32277393270473076
37.69999999999999,102.10000000000032,0.32399492675855
37.69999999999999,102.25000000000033,0.5330313065785722
37.69999999999999,102.40000000000033,0.32399492675855
37.69999999999999,102.55000000000034,0.32323442852308176
37.69999999999999,102.70000000000034,0.32323442852308176
37.69999999999999,102.85000000000035,0.09195394224821478
37.69999999999999,103.00000000000036,0.09005522238839515
37.69999999999999,103.15000000000036,0.3213357086632621
37.69999999999999,103.30000000000037,0.3213357086632621
37.69999999999999,103.45000000000037,0.3213357086632621
37.84999999999999,93.7,0.04656503062906641
37.84999999999999,93.85000000000001,0.04656503062906641
37.84999999999999,94.00000000000001,0.04691048761918282
37.84999999999999,94.15000000000002,0.04691048761918282
37.84999999999999,94.30000000000003,0.04691048761918282
37.84999999999999,94.45000000000003,0.04691048761918282
37.84999999999999,94.60000000000004,0.045815301715671566
37.84999999999999,94.75000000000004,0.045815301715671566
37.84999999999999,94.90000000000005,0.045815301715671566
37.84999999999999,95.05000000000005,0.04296422237338491
37.84999999999999,95.20000000000006,0.43945015037572804
37.84999999999999,95.35000000000007,0.2742447086482519
37.84999999999999,95.50000000000007,0.03777332639239969
37.84999999999999,95.65000000000008,0.2690538126672667
37.84999999999999,95.80000000000008,0.03777332639239969
37.84999999999999,95.95000000000009,0.03777332639239969
37.84999999999999,96.1000000000001,0.27491284968138263
37.84999999999999,96.2500000000001,0.27491284968138263
37.84999999999999,96.4000000000001,0.27491284968138263
37.84999999999999,96.55000000000011,0.2772453610605834
37.84999999999999,96.70000000000012,0.2772453610605834
37.84999999999999,96.85000000000012,0.2772453610605834
37.84999999999999,97.00000000000013,0.28066799370731427
37.84999999999999,97.15000000000013,0.049387507432447283
37.84999999999999,97.30000000000014,0.28066799370731427
37.84999999999999,97.45000000000014,0.049387507432447283
37.84999999999999,97.60000000000015,0.284512321839949
37.84999999999999,97.75000000000016,0.05323183556508201
37.84999999999999,97.90000000000016,0.284512321839949
37.84999999999999,98.05000000000017,0.2897597632411425
37.84999999999999,98.20000000000017,0.2897597632411425
37.84999999999999,98.35000000000018,0.2897597632411425
37.84999999999999,98.50000000000018,0.29323407204025853
37.84999999999999,98.65000000000019,0.29323407204025853
37.84999999999999,98.8000000000002,0.29323407204025853
37.84999999999999,98.9500000000002,0.06195358576539156
37.84999999999999,99.10000000000021,0.2960879628648358
37.84999999999999,99.25000000000021,0.2960879628648358
37.84999999999999,99.40000000000022,0.2960879628648358
37.84999999999999,99.55000000000022,0.3055640440555462
37.84999999999999,99.70000000000023,0.3055640440555462
37.84999999999999,99.85000000000024,0.3055640440555462
37.84999999999999,100.00000000000024,0.3111805602084989
37.84999999999999,100.15000000000025,0.3111805602084989
37.84999999999999,100.30000000000025,0.3111805602084989
37.84999999999999,100.45000000000026,0.3111805602084989
37.84999999999999,100.60000000000026,0.3169422106465148
37.84999999999999,100.75000000000027,0.3169422106465148
37.84999999999999,100.90000000000028,0.3169422106465148
37.84999999999999,101.05000000000028,0.32140297721726363
37.84999999999999,101.20000000000029,0.32140297721726363
37.84999999999999,101.35000000000029,0.32140297721726363
37.84999999999999,101.5000000000003,0.32277393270473076
37.84999999999999,101.6500000000003,0.32277393270473076
37.84999999999999,101.80000000000031,0.32277393270473076
37.84999999999999,101.95000000000032,0.32277393270473076
37.84999999999999,102.10000000000032,0.32399492675855
37.84999999999999,102.25000000000033,0.32399492675855
37.84999999999999,102.40000000000033,0.32399492675855
37.84999999999999,102.55000000000034,0.32323442852308176
37.84999999999999,102.70000000000034,0.09195394224821478
37.84999999999999,102.85000000000035,0.09195394224821478
37.84999999999999,103.00000000000036,0.09005522238839515
37.84999999999999,103.15000000000036,0.09005522238839515
37.84999999999999,103.30000000000037,0.09005522238839515
37.84999999999999,103.45000000000037,0.09005522238839515
37.999999999999986,93.7,0.044948936937734926
37.999999999999986,93.85000000000001,0.044948936937734926
37.999999999999986,94.00000000000001,0.045126627128087904
37.999999999999986,94.15000000000002,0.045126627128087904
37.999999999999986,94.30000000000003,0.045126627128087904
37.999999999999986,94.45000000000003,0.045126627128087904
37.999999999999986,94.60000000000004,0.03900150930746721
37.999999999999986,94.75000000000004,0.03900150930746721
37.999999999999986,94.90000000000005,0.03900150930746721
37.999999999999986,95.05000000000005,0.031863572567028764
37.999999999999986,95.20000000000006,0.031863572567028764
37.999999999999986,95.35000000000007,0.031863572567028764
37.999999999999986,95.50000000000007,0.029583725370576464
37.999999999999986,95.65000000000008,0.029583725370576464
37.999999999999986,95.80000000000008,0.26086421164544343
37.999999999999986,95.95000000000009,0.26086421164544343
37.999999999999986,96.1000000000001,0.2650447394847991
37.999999999999986,96.2500000000001,0.2650447394847991
37.999999999999986,96.4000000000001,0.2650447394847991
37.999999999999986,96.55000000000011,0.040243342529223805
37.999999999999986,96.70000000000012,0.040243342529223805
37.999999999999986,96.85000000000012,0.27152382880409076
37.999999999999986,97.00000000000013,0.27747285959083484
37.999999999999986,97.15000000000013,0.046192373315967886
37.999999999999986,97.30000000000014,0.046192373315967886
37.999999999999986,97.45000000000014,0.046192373315967886
37.999999999999986,97.60000000000015,0.2822086095062176
37.999999999999986,97.75000000000016,0.2822086095062176
37.999999999999986,97.90000000000016,0.2822086095062176
37.999999999999986,98.05000000000017,0.2873189364059997
37.999999999999986,98.20000000000017,0.2873189364059997
37.999999999999986,98.35000000000018,0.2873189364059997
37.999999999999986,98.50000000000018,0.2861643174041064
37.999999999999986,98.65000000000019,0.05488383112923945
37.999999999999986,98.8000000000002,0.2861643174041064
37.999999999999986,98.9500000000002,0.2861643174041064
37.999999999999986,99.10000000000021,0.2897879618717083
37.999999999999986,99.25000000000021,0.2897879618717083
37.999999999999986,99.40000000000022,0.2897879618717083
37.999999999999986,99.55000000000022,0.29998753645221143
37.999999999999986,99.70000000000023,0.29998753645221143
37.999999999999986,99.85000000000024,0.29998753645221143
37.999999999999986,100.00000000000024,0.301748467318177
37.999999999999986,100.15000000000025,0.301748467318177
37.999999999999986,100.30000000000025,0.301748467318177
37.999999999999986,100.45000000000026,0.301748467318177
37.999999999999986,100.60000000000026,0.30444921781832146
37.999999999999986,100.75000000000027,0.30444921781832146
37.999999999999986,100.90000000000028,0.30444921781832146
37.999999999999986,101.05000000000028,0.3111956595516305
37.999999999999986,101.20000000000029,0.3111956595516305
37.999999999999986,101.35000000000029,0.3111956595516305
37.999999999999986,101.5000000000003,0.3180739706656495
37.999999999999986,101.6500000000003,0.3180739706656495
37.999999999999986,101.80000000000031,0.3180739706656495
37.999999999999986,101.95000000000032,0.3180739706656495
37.999999999999986,102.10000000000032,0.3185093245013355
37.999999999999986,102.25000000000033,0.3185093245013355
37.999999999999986,102.40000000000033,0.08722883822646856
37.999999999999986,102.55000000000034,0.08554621586184559
37.999999999999986,102.70000000000034,0.08554621586184559
37.999999999999986,102.85000000000035,0.08554621586184559
37.999999999999986,103.00000000000036,0.08515565179628996
37.999999999999986,103.15000000000036,0.08515565179628996
37.999999999999986,103.30000000000037,0.08515565179628996
37.999999999999986,103.45000000000037,0.08515565179628996
38.149999999999984,93.7,0.044948936937734926
38.149999999999984,93.85000000000001,0.044948936937734926
38.149999999999984,94.00000000000001,0.045126627128087904
38.149999999999984,94.15000000000002,0.045126627128087904
38.149999999999984,94.30000000000003,0.045126627128087904
38.149999999999984,94.45000000000003,0.045126627128087904
38.149999999999984,94.60000000000004,0.03900150930746721
38.149999999999984,94.75000000000004,0.03900150930746721
38.149999999999984,94.90000000000005,0.03900150930746721
38.149999999999984,95.05000000000005,0.031863572567028764
38.149999999999984,95.20000000000006,0.031863572567028764
38.149999999999984,95.35000000000007,0.031863572567028764
38.149999999999984,95.50000000000007,0.029583725370576464
38.149999999999984,95.65000000000008,0.029583725370576464
38.149999999999984,95.80000000000008,0.029583725370576464
38.149999999999984,95.95000000000009,0.26086421164544343
38.149999999999984,96.1000000000001,0.033764253209932114
38.149999999999984,96.2500000000001,0.033764253209932114
38.149999999999984,96.4000000000001,0.033764253209932114
38.149999999999984,96.55000000000011,0.040243342529223805
38.149999999999984,96.70000000000012,0.27152382880409076
38.149999999999984,96.85000000000012,0.040243342529223805
38.149999999999984,97.00000000000013,0.046192373315967886
38.149999999999984,97.15000000000013,0.046192373315967886
38.149999999999984,97.30000000000014,0.27747285959083484
38.149999999999984,97.45000000000014,0.27747285959083484
38.149999999999984,97.60000000000015,0.2822086095062176
38.149999999999984,97.75000000000016,0.2822086095062176
38.149999999999984,97.90000000000016,0.2822086095062176
38.149999999999984,98.05000000000017,0.056038450131132705
38.149999999999984,98.20000000000017,0.2873189364059997
38.149999999999984,98.35000000000018,0.2873189364059997
38.149999999999984,98.50000000000018,0.2861643174041064
38.149999999999984,98.65000000000019,0.2861643174041064
38.149999999999984,98.8000000000002,0.2861643174041064
38.149999999999984,98.9500000000002,0.2861643174041064
38.149999999999984,99.10000000000021,0.2897879618717083
38.149999999999984,99.25000000000021,0.2897879618717083
38.149999999999984,99.40000000000022,0.2897879618717083
38.149999999999984,99.55000000000022,0.29998753645221143
38.149999999999984,99.70000000000023,0.29998753645221143
38.149999999999984,99.85000000000024,0.06870705017734446
38.149999999999984,100.00000000000024,0.301748467318177
38.149999999999984,100.15000000000025,0.301748467318177
38.149999999999984,100.30000000000025,0.301748467318177
38.149999999999984,100.45000000000026,0.301748467318177
38.149999999999984,100.60000000000026,0.30444921781832146
38.149999999999984,100.75000000000027,0.30444921781832146
38.149999999999984,100.90000000000028,0.30444921781832146
38.149999999999984,101.05000000000028,0.3111956595516305
38.149999999999984,101.20000000000029,0.3111956595516305
38.149999999999984,101.35000000000029,0.3111956595516305
38.149999999999984,101.5000000000003,0.3180739706656495
38.149999999999984,101.6500000000003,0.3180739706656495
38.149999999999984,101.80000000000031,0.3180739706656495
38.149999999999984,101.95000000000032,0.3180739706656495
38.149999999999984,102.10000000000032,0.08722883822646856
38.149999999999984,102.25000000000033,0.08722883822646856
38.149999999999984,102.40000000000033,0.08722883822646856
38.149999999999984,102.55000000000034,0.08554621586184559
38.149999999999984,102.70000000000034,0.08554621586184559
38.149999999999984,102.85000000000035,0.08554621586184559
38.149999999999984,103.00000000000036,0.08515565179628996
38.149999999999984,103.15000000000036,0.08515565179628996
38.149999999999984,103.30000000000037,0.08515565179628996
38.149999999999984,103.45000000000037,0.08515565179628996
38.29999999999998,93.7,0.044948936937734926
38.29999999999998,93.85000000000001,0.044948936937734926
38.29999999999998,94.00000000000001,0.045126627128087904
38.29999999999998,94.15000000000002,0.045126627128087904
38.29999999999998,94.30000000000003,0.045126627128087904
38.29999999999998,94.45000000000003,0.045126627128087904
38.29999999999998,94.60000000000004,0.03900150930746721
38.29999999999998,94.75000000000004,0.03900150930746721
38.29999999999998,94.90000000000005,0.03900150930746721
38.29999999999998,95.05000000000005,0.031863572567028764
38.29999999999998,95.20000000000006,0.031863572567028764
38.29999999999998,95.35000000000007,0.031863572567028764
38.29999999999998,95.50000000000007,0.029583725370576464
38.29999999999998,95.65000000000008,0.029583725370576464
38.29999999999998,95.80000000000008,0.029583725370576464
38.29999999999998,95.95000000000009,0.029583725370576464
38.29999999999998,96.1000000000001,0.2650447394847991
38.29999999999998,96.2500000000001,0.2650447394847991
38.29999999999998,96.4000000000001,0.2650447394847991
38.29999999999998,96.55000000000011,0.040243342529223805
38.29999999999998,96.70000000000012,0.27152382880409076
38.29999999999998,96.85000000000012,0.040243342529223805
38.29999999999998,97.00000000000013,0.046192373315967886
38.29999999999998,97.15000000000013,0.046192373315967886
38.29999999999998,97.30000000000014,0.27747285959083484
38.29999999999998,97.45000000000014,0.442678301318311
38.29999999999998,97.60000000000015,0.4474140512336937
38.29999999999998,97.75000000000016,0.4474140512336937
38.29999999999998,97.90000000000016,0.2822086095062176
38.29999999999998,98.05000000000017,0.2873189364059997
38.29999999999998,98.20000000000017,0.2873189364059997
38.29999999999998,98.35000000000018,0.2873189364059997
38.29999999999998,98.50000000000018,0.2861643174041064
38.29999999999998,98.65000000000019,0.2861643174041064
38.29999999999998,98.8000000000002,0.2861643174041064
38.29999999999998,98.9500000000002,0.2861643174041064
38.29999999999998,99.10000000000021,0.2897879618717083
38.29999999999998,99.25000000000021,0.2897879618717083
38.29999999999998,99.40000000000022,0.2897879618717083
38.29999999999998,99.55000000000022,0.29998753645221143
38.29999999999998,99.70000000000023,0.29998753645221143
38.29999999999998,99.85000000000024,0.29998753645221143
38.29999999999998,100.00000000000024,0.07046798104331004
38.29999999999998,100.15000000000025,0.301748467318177
38.29999999999998,100.30000000000025,0.07046798104331004
38.29999999999998,100.45000000000026,0.07046798104331004
38.29999999999998,100.60000000000026,0.30444921781832146
38.29999999999998,100.75000000000027,0.30444921781832146
38.29999999999998,100.90000000000028,0.07316873154345448
38.29999999999998,101.05000000000028,0.07991517327676351
38.29999999999998,101.20000000000029,0.3111956595516305
38.29999999999998,101.35000000000029,0.3111956595516305
38.29999999999998,101.5000000000003,0.08679348439078255
38.29999999999998,101.6500000000003,0.3180739706656495
38.29999999999998,101.80000000000031,0.3180739706656495
38.29999999999998,101.95000000000032,0.3180739706656495
38.29999999999998,102.10000000000032,0.3185093245013355
38.29999999999998,102.25000000000033,0.08722883822646856
38.29999999999998,102.40000000000033,0.08722883822646856
38.29999999999998,102.55000000000034,0.08554621586184559
38.29999999999998,102.70000000000034,0.31682670213671255
38.29999999999998,102.85000000000035,0.08554621586184559
38.29999999999998,103.00000000000036,0.08515565179628996
38.29999999999998,103.15000000000036,0.08515565179628996
38.29999999999998,103.30000000000037,0.08515565179628996
38.29999999999998,103.45000000000037,0.08515565179628996
38.44999999999998,93.7,0.044948936937734926
38.44999999999998,93.85000000000001,0.044948936937734926
38.44999999999998,94.00000000000001,0.045126627128087904
38.44999999999998,94.15000000000002,0.045126627128087904
38.44999999999998,94.30000000000003,0.045126627128087904
38.44999999999998,94.45000000000003,0.045126627128087904
38.44999999999998,94.60000000000004,0.03900150930746721
38.44999999999998,94.75000000000004,0.03900150930746721
38.44999999999998,94.90000000000005,0.03900150930746721
38.44999999999998,95.05000000000005,0.031863572567028764
38.44999999999998,95.20000000000006,0.031863572567028764
38.44999999999998,95.35000000000007,0.031863572567028764
38.44999999999998,95.50000000000007,0.26086421164544343
38.44999999999998,95.65000000000008,0.26086421164544343
38.44999999999998,95.80000000000008,0.029583725370576464
38.44999999999998,95.95000000000009,0.029583725370576464
38.44999999999998,96.1000000000001,0.033764253209932114
38.44999999999998,96.2500000000001,0.033764253209932114
38.44999999999998,96.4000000000001,0.033764253209932114
38.44999999999998,96.55000000000011,0.040243342529223805
38.44999999999998,96.70000000000012,0.040243342529223805
38.44999999999998,96.85000000000012,0.27152382880409076
38.44999999999998,97.00000000000013,0.046192373315967886
38.44999999999998,97.15000000000013,0.27747285959083484
38.44999999999998,97.30000000000014,0.27747285959083484
38.44999999999998,97.45000000000014,0.27747285959083484
38.44999999999998,97.60000000000015,0.2822086095062176
38.44999999999998,97.75000000000016,0.05092812323135062
38.44999999999998,97.90000000000016,0.05092812323135062
38.44999999999998,98.05000000000017,0.2873189364059997
38.44999999999998,98.20000000000017,0.2873189364059997
38.44999999999998,98.35000000000018,0.2873189364059997
38.44999999999998,98.50000000000018,0.2861643174041064
38.44999999999998,98.65000000000019,0.2861643174041064
38.44999999999998,98.8000000000002,0.2861643174041064
38.44999999999998,98.9500000000002,0.2861643174041064
38.44999999999998,99.10000000000021,0.2897879618717083
38.44999999999998,99.25000000000021,0.2897879618717083
38.44999999999998,99.40000000000022,0.05850747559684132
38.44999999999998,99.55000000000022,0.29998753645221143
38.44999999999998,99.70000000000023,0.29998753645221143
38.44999999999998,99.85000000000024,0.29998753645221143
38.44999999999998,100.00000000000024,0.301748467318177
38.44999999999998,100.15000000000025,0.301748467318177
38.44999999999998,100.30000000000025,0.301748467318177
38.44999999999998,100.45000000000026,0.301748467318177
38.44999999999998,100.60000000000026,0.30444921781832146
38.44999999999998,100.75000000000027,0.07316873154345448
38.44999999999998,100.90000000000028,0.30444921781832146
38.44999999999998,101.05000000000028,0.3111956595516305
38.44999999999998,101.20000000000029,0.3111956595516305
38.44999999999998,101.35000000000029,0.3111956595516305
38.44999999999998,101.5000000000003,0.3180739706656495
38.44999999999998,101.6500000000003,0.3180739706656495
38.44999999999998,101.80000000000031,0.3180739706656495
38.44999999999998,101.95000000000032,0.3180739706656495
38.44999999999998,102.10000000000032,0.08722883822646856
38.44999999999998,102.25000000000033,0.08722883822646856
38.44999999999998,102.40000000000033,0.08722883822646856
38.44999999999998,102.55000000000034,0.08554621586184559
38.44999999999998,102.70000000000034,0.08554621586184559
38.44999999999998,102.85000000000035,0.08554621586184559
38.44999999999998,103.00000000000036,0.08515565179628996
38.44999999999998,103.15000000000036,0.08515565179628996
38.44999999999998,103.30000000000037,0.08515565179628996
38.44999999999998,103.45000000000037,0.08515565179628996
38.59999999999998,93.7,0.039080070245930375
38.59999999999998,93.85000000000001,0.039080070245930375
38.59999999999998,94.00000000000001,0.04021308756039212
38.59999999999998,94.15000000000002,0.04021308756039212
38.59999999999998,94.30000000000003,0.04021308756039212
38.59999999999998,94.45000000000003,0.04021308756039212
38.59999999999998,94.60000000000004,0.04127571844631694
38.59999999999998,94.75000000000004,0.04127571844631694
38.59999999999998,94.90000000000005,0.04127571844631694
38.59999999999998,95.05000000000005,0.03873255783187803
38.59999999999998,95.20000000000006,0.03873255783187803
38.59999999999998,95.35000000000007,0.270013044106745
38.59999999999998,95.50000000000007,0.2660709970741393
38.59999999999998,95.65000000000008,0.034790510799272346
38.59999999999998,95.80000000000008,0.034790510799272346
38.59999999999998,95.95000000000009,0.034790510799272346
38.59999999999998,96.1000000000001,0.04124879687126806
38.59999999999998,96.2500000000001,0.04124879687126806
38.59999999999998,96.4000000000001,0.04124879687126806
38.59999999999998,96.55000000000011,0.2744939124945387
38.59999999999998,96.70000000000012,0.2744939124945387
38.59999999999998,96.85000000000012,0.2744939124945387
38.59999999999998,97.00000000000013,0.2734228490508459
38.59999999999998,97.15000000000013,0.042142362775978964
38.59999999999998,97.30000000000014,0.042142362775978964
38.59999999999998,97.45000000000014,0.2734228490508459
38.59999999999998,97.60000000000015,0.047544551406557466
38.59999999999998,97.75000000000016,0.047544551406557466
38.59999999999998,97.90000000000016,0.2788250376814244
38.59999999999998,98.05000000000017,0.28706390195141984
38.59999999999998,98.20000000000017,0.28706390195141984
38.59999999999998,98.35000000000018,0.28706390195141984
38.59999999999998,98.50000000000018,0.05474591926668722
38.59999999999998,98.65000000000019,0.2860264055415542
38.59999999999998,98.8000000000002,0.2860264055415542
38.59999999999998,98.9500000000002,0.05474591926668722
38.59999999999998,99.10000000000021,0.055857221470984396
38.59999999999998,99.25000000000021,0.28713770774585134
38.59999999999998,99.40000000000022,0.28713770774585134
38.59999999999998,99.55000000000022,0.29231456446466975
38.59999999999998,99.70000000000023,0.29231456446466975
38.59999999999998,99.85000000000024,0.29231456446466975
38.59999999999998,100.00000000000024,0.2990280368663427
38.59999999999998,100.15000000000025,0.2990280368663427
38.59999999999998,100.30000000000025,0.2990280368663427
38.59999999999998,100.45000000000026,0.2990280368663427
38.59999999999998,100.60000000000026,0.07312823837492191
38.59999999999998,100.75000000000027,0.07312823837492191
38.59999999999998,100.90000000000028,0.30440872464978885
38.59999999999998,101.05000000000028,0.30277781420468486
38.59999999999998,101.20000000000029,0.07149732792981786
38.59999999999998,101.35000000000029,0.30277781420468486
38.59999999999998,101.5000000000003,0.3073712782024892
38.59999999999998,101.6500000000003,0.3073712782024892
38.59999999999998,101.80000000000031,0.3073712782024892
38.59999999999998,101.95000000000032,0.3073712782024892
38.59999999999998,102.10000000000032,0.08279811995199546
38.59999999999998,102.25000000000033,0.08279811995199546
38.59999999999998,102.40000000000033,0.08279811995199546
38.59999999999998,102.55000000000034,0.08198212198543654
38.59999999999998,102.70000000000034,0.08198212198543654
38.59999999999998,102.85000000000035,0.08198212198543654
38.59999999999998,103.00000000000036,0.08408727067724865
38.59999999999998,103.15000000000036,0.08408727067724865
38.59999999999998,103.30000000000037,0.08408727067724865
38.59999999999998,103.45000000000037,0.08408727067724865
38.74999999999998,93.7,0.039080070245930375
38.74999999999998,93.85000000000001,0.039080070245930375
38.74999999999998,94.00000000000001,0.04021308756039212
38.74999999999998,94.15000000000002,0.04021308756039212
38.74999999999998,94.30000000000003,0.04021308756039212
38.74999999999998,94.45000000000003,0.04021308756039212
38.74999999999998,94.60000000000004,0.04127571844631694
38.74999999999998,94.75000000000004,0.04127571844631694
38.74999999999998,94.90000000000005,0.04127571844631694
38.74999999999998,95.05000000000005,0.03873255783187803
38.74999999999998,95.20000000000006,0.03873255783187803
38.74999999999998,95.35000000000007,0.03873255783187803
38.74999999999998,95.50000000000007,0.034790510799272346
38.74999999999998,95.65000000000008,0.034790510799272346
38.74999999999998,95.80000000000008,0.034790510799272346
38.74999999999998,95.95000000000009,0.034790510799272346
38.74999999999998,96.1000000000001,0.04124879687126806
38.74999999999998,96.2500000000001,0.272529283146135
38.74999999999998,96.4000000000001,0.04124879687126806
38.74999999999998,96.55000000000011,0.043213426219671724
38.74999999999998,96.70000000000012,0.2744939124945387
38.74999999999998,96.85000000000012,0.2744939124945387
38.74999999999998,97.00000000000013,0.042142362775978964
38.74999999999998,97.15000000000013,0.2734228490508459
38.74999999999998,97.30000000000014,0.042142362775978964
38.74999999999998,97.45000000000014,0.2734228490508459
38.74999999999998,97.60000000000015,0.047544551406557466
38.74999999999998,97.75000000000016,0.2788250376814244
38.74999999999998,97.90000000000016,0.2788250376814244
38.74999999999998,98.05000000000017,0.28706390195141984
38.74999999999998,98.20000000000017,0.28706390195141984
38.74999999999998,98.35000000000018,0.28706390195141984
38.74999999999998,98.50000000000018,0.2860264055415542
38.74999999999998,98.65000000000019,0.2860264055415542
38.74999999999998,98.8000000000002,0.2860264055415542
38.74999999999998,98.9500000000002,0.2860264055415542
38.74999999999998,99.10000000000021,0.28713770774585134
38.74999999999998,99.25000000000021,0.28713770774585134
38.74999999999998,99.40000000000022,0.28713770774585134
38.74999999999998,99.55000000000022,0.29231456446466975
38.74999999999998,99.70000000000023,0.501350944284692
38.74999999999998,99.85000000000024,0.29231456446466975
38.74999999999998,100.00000000000024,0.2990280368663427
38.74999999999998,100.15000000000025,0.2990280368663427
38.74999999999998,100.30000000000025,0.2990280368663427
38.74999999999998,100.45000000000026,0.06774755059147573
38.74999999999998,100.60000000000026,0.07312823837492191
38.74999999999998,100.75000000000027,0.30440872464978885
38.74999999999998,100.90000000000028,0.30440872464978885
38.74999999999998,101.05000000000028,0.30277781420468486
38.74999999999998,101.20000000000029,0.30277781420468486
38.74999999999998,101.35000000000029,0.30277781420468486
38.74999999999998,101.5000000000003,0.3073712782024892
38.74999999999998,101.6500000000003,0.3073712782024892
38.74999999999998,101.80000000000031,0.3073712782024892
38.74999999999998,101.95000000000032,0.07609079192762228
38.74999999999998,102.10000000000032,0.08279811995199546
38.74999999999998,102.25000000000033,0.08279811995199546
38.74999999999998,102.40000000000033,0.08279811995199546
38.74999999999998,102.55000000000034,0.08198212198543654
38.74999999999998,102.70000000000034,0.08198212198543654
38.74999999999998,102.85000000000035,0.08198212198543654
38.74999999999998,103.00000000000036,0.08408727067724865
38.74999999999998,103.15000000000036,0.08408727067724865
38.74999999999998,103.30000000000037,0.08408727067724865
38.74999999999998,103.45000000000037,0.08408727067724865
38.89999999999998,93.7,0.039080070245930375
38.89999999999998,93.85000000000001,0.039080070245930375
38.89999999999998,94.00000000000001,0.4366990155627352
38.89999999999998,94.15000000000002,0.27149357383525907
38.89999999999998,94.30000000000003,0.27149357383525907
38.89999999999998,94.45000000000003,0.04021308756039212
38.89999999999998,94.60000000000004,0.04127571844631694
38.89999999999998,94.75000000000004,0.04127571844631694
38.89999999999998,94.90000000000005,0.04127571844631694
38.89999999999998,95.05000000000005,0.03873255783187803
38.89999999999998,95.20000000000006,0.03873255783187803
38.89999999999998,95.35000000000007,0.03873255783187803
38.89999999999998,95.50000000000007,0.034790510799272346
38.89999999999998,95.65000000000008,0.034790510799272346
38.89999999999998,95.80000000000008,0.2660709970741393
38.89999999999998,95.95000000000009,0.034790510799272346
38.89999999999998,96.1000000000001,0.04124879687126806
38.89999999999998,96.2500000000001,0.04124879687126806
38.89999999999998,96.4000000000001,0.272529283146135
38.89999999999998,96.55000000000011,0.2744939124945387
38.89999999999998,96.70000000000012,0.2744939124945387
38.89999999999998,96.85000000000012,0.2744939124945387
38.89999999999998,97.00000000000013,0.042142362775978964
38.89999999999998,97.15000000000013,0.042142362775978964
38.89999999999998,97.30000000000014,0.042142362775978964
38.89999999999998,97.45000000000014,0.2734228490508459
38.89999999999998,97.60000000000015,0.2788250376814244
38.89999999999998,97.75000000000016,0.2788250376814244
38.89999999999998,97.90000000000016,0.047544551406557466
38.89999999999998,98.05000000000017,0.28706390195141984
38.89999999999998,98.20000000000017,0.28706390195141984
38.89999999999998,98.35000000000018,0.28706390195141984
38.89999999999998,98.50000000000018,0.2860264055415542
38.89999999999998,98.65000000000019,0.2860264055415542
38.89999999999998,98.8000000000002,0.2860264055415542
38.89999999999998,98.9500000000002,0.2860264055415542
38.89999999999998,99.10000000000021,0.28713770774585134
38.89999999999998,99.25000000000021,0.28713770774585134
38.89999999999998,99.40000000000022,0.055857221470984396
38.89999999999998,99.55000000000022,0.29231456446466975
38.89999999999998,99.70000000000023,0.29231456446466975
38.89999999999998,99.85000000000024,0.29231456446466975
38.89999999999998,100.00000000000024,0.2990280368663427
38.89999999999998,100.15000000000025,0.2990280368663427
38.89999999999998,100.30000000000025,0.06774755059147573
38.89999999999998,100.45000000000026,0.06774755059147573
38.89999999999998,100.60000000000026,0.07312823837492191
38.89999999999998,100.75000000000027,0.07312823837492191
38.89999999999998,100.90000000000028,0.30440872464978885
38.89999999999998,101.05000000000028,0.30277781420468486
38.89999999999998,101.20000000000029,0.30277781420468486
38.89999999999998,101.35000000000029,0.30277781420468486
38.89999999999998,101.5000000000003,0.07609079192762228
38.89999999999998,101.6500000000003,0.07609079192762228
38.89999999999998,101.80000000000031,0.07609079192762228
38.89999999999998,101.95000000000032,0.07609079192762228
38.89999999999998,102.10000000000032,0.08279811995199546
38.89999999999998,102.25000000000033,0.08279811995199546
38.89999999999998,102.40000000000033,0.08279811995199546
38.89999999999998,102.55000000000034,0.08198212198543654
38.89999999999998,102.70000000000034,0.08198212198543654
38.89999999999998,102.85000000000035,0.08198212198543654
38.89999999999998,103.00000000000036,0.08408727067724865
38.89999999999998,103.15000000000036,0.08408727067724865
38.89999999999998,103.30000000000037,0.08408727067724865
38.89999999999998,103.45000000000037,0.08408727067724865
39.049999999999976,93.7,0.028160460636894417
39.049999999999976,93.85000000000001,0.028160460636894417
39.049999999999976,94.00000000000001,0.0398608909185081
39.049999999999976,94.15000000000002,0.0398608909185081
39.049999999999976,94.30000000000003,0.0398608909185081
39.049999999999976,94.45000000000003,0.0398608909185081
39.049999999999976,94.60000000000004,0.035843183856334754
39.049999999999976,94.75000000000004,0.035843183856334754
39.049999999999976,94.90000000000005,0.035843183856334754
39.049999999999976,95.05000000000005,0.0350536336835277
39.049999999999976,95.20000000000006,0.0350536336835277
39.049999999999976,95.35000000000007,0.0350536336835277
39.049999999999976,95.50000000000007,0.03875462422376302
39.049999999999976,95.65000000000008,0.27003511049863
39.049999999999976,95.80000000000008,0.03875462422376302
39.049999999999976,95.95000000000009,0.27003511049863
39.049999999999976,96.1000000000001,0.036449691669051015
39.049999999999976,96.2500000000001,0.036449691669051015
39.049999999999976,96.4000000000001,0.26773017794391796
39.049999999999976,96.55000000000011,0.27035423509073186
39.049999999999976,96.70000000000012,0.27035423509073186
39.049999999999976,96.85000000000012,0.27035423509073186
39.049999999999976,97.00000000000013,0.27632926237281696
39.049999999999976,97.15000000000013,0.27632926237281696
39.049999999999976,97.30000000000014,0.27632926237281696
39.049999999999976,97.45000000000014,0.27632926237281696
39.049999999999976,97.60000000000015,0.04689564979807787
39.049999999999976,97.75000000000016,0.27817613607294484
39.049999999999976,97.90000000000016,0.27817613607294484
39.049999999999976,98.05000000000017,0.28087105881987534
39.049999999999976,98.20000000000017,0.04959057254500837
39.049999999999976,98.35000000000018,0.28087105881987534
39.049999999999976,98.50000000000018,0.28893912027486796
39.049999999999976,98.65000000000019,0.28893912027486796
39.049999999999976,98.8000000000002,0.057658634000001
39.049999999999976,98.9500000000002,0.057658634000001
39.049999999999976,99.10000000000021,0.3012182319151865
39.049999999999976,99.25000000000021,0.3012182319151865
39.049999999999976,99.40000000000022,0.3012182319151865
39.049999999999976,99.55000000000022,0.3035281862400873
39.049999999999976,99.70000000000023,0.3035281862400873
39.049999999999976,99.85000000000024,0.3035281862400873
39.049999999999976,100.00000000000024,0.3098635679443001
39.049999999999976,100.15000000000025,0.07858308166943312
39.049999999999976,100.30000000000025,0.07858308166943312
39.049999999999976,100.45000000000026,0.07858308166943312
39.049999999999976,100.60000000000026,0.298164879587446
39.049999999999976,100.75000000000027,0.298164879587446
39.049999999999976,100.90000000000028,0.298164879587446
39.049999999999976,101.05000000000028,0.0755057392245835
39.049999999999976,101.20000000000029,0.0755057392245835
39.049999999999976,101.35000000000029,0.0755057392245835
39.049999999999976,101.5000000000003,0.0790015869465599
39.049999999999976,101.6500000000003,0.0790015869465599
39.049999999999976,101.80000000000031,0.0790015869465599
39.049999999999976,101.95000000000032,0.0790015869465599
39.049999999999976,102.10000000000032,0.07479402999280133
39.049999999999976,102.25000000000033,0.07479402999280133
39.049999999999976,102.40000000000033,0.07479402999280133
39.049999999999976,102.55000000000034,0.07696331753665568
39.049999999999976,102.70000000000034,0.07696331753665568
39.049999999999976,102.85000000000035,0.07696331753665568
39.049999999999976,103.00000000000036,0.07786160527866952
39.049999999999976,103.15000000000036,0.07786160527866952
39.049999999999976,103.30000000000037,0.07786160527866952
39.049999999999976,103.45000000000037,0.07786160527866952
39.199999999999974,93.7,0.028160460636894417
39.199999999999974,93.85000000000001,0.028160460636894417
39.199999999999974,94.00000000000001,0.0398608909185081
39.199999999999974,94.15000000000002,0.0398608909185081
39.199999999999974,94.30000000000003,0.0398608909185081
39.199999999999974,94.45000000000003,0.0398608909185081
39.199999999999974,94.60000000000004,0.035843183856334754
39.199999999999974,94.75000000000004,0.035843183856334754
39.199999999999974,94.90000000000005,0.035843183856334754
39.199999999999974,95.05000000000005,0.0350536336835277
39.199999999999974,95.20000000000006,0.0350536336835277
39.199999999999974,95.35000000000007,0.0350536336835277
39.199999999999974,95.50000000000007,0.27003511049863
39.199999999999974,95.65000000000008,0.03875462422376302
39.199999999999974,95.80000000000008,0.03875462422376302
39.199999999999974,95.95000000000009,0.03875462422376302
39.199999999999974,96.1000000000001,0.036449691669051015
39.199999999999974,96.2500000000001,0.036449691669051015
39.199999999999974,96.4000000000001,0.26773017794391796
39.199999999999974,96.55000000000011,0.03907374881586491
39.199999999999974,96.70000000000012,0.03907374881586491
39.199999999999974,96.85000000000012,0.03907374881586491
39.199999999999974,97.00000000000013,0.04504877609795001
39.199999999999974,97.15000000000013,0.04504877609795001
39.199999999999974,97.30000000000014,0.04504877609795001
39.199999999999974,97.45000000000014,0.27632926237281696
39.199999999999974,97.60000000000015,0.27817613607294484
39.199999999999974,97.75000000000016,0.27817613607294484
39.199999999999974,97.90000000000016,0.27817613607294484
39.199999999999974,98.05000000000017,0.28087105881987534
39.199999999999974,98.20000000000017,0.04959057254500837
39.199999999999974,98.35000000000018,0.04959057254500837
39.199999999999974,98.50000000000018,0.057658634000001
39.199999999999974,98.65000000000019,0.057658634000001
39.199999999999974,98.8000000000002,0.28893912027486796
39.199999999999974,98.9500000000002,0.057658634000001
39.199999999999974,99.10000000000021,0.3012182319151865
39.199999999999974,99.25000000000021,0.06993774564031953
39.199999999999974,99.40000000000022,0.3012182319151865
39.199999999999974,99.55000000000022,0.3035281862400873
39.199999999999974,99.70000000000023,0.3035281862400873
39.199999999999974,99.85000000000024,0.07224769996522035
39.199999999999974,100.00000000000024,0.07858308166943312
39.199999999999974,100.15000000000025,0.07858308166943312
39.199999999999974,100.30000000000025,0.07858308166943312
39.199999999999974,100.45000000000026,0.07858308166943312
39.199999999999974,100.60000000000026,0.06688439331257902
39.199999999999974,100.75000000000027,0.06688439331257902
39.199999999999974,100.90000000000028,0.298164879587446
39.199999999999974,101.05000000000028,0.0755057392245835
39.199999999999974,101.20000000000029,0.0755057392245835
39.199999999999974,101.35000000000029,0.0755057392245835
39.199999999999974,101.5000000000003,0.0790015869465599
39.199999999999974,101.6500000000003,0.0790015869465599
39.199999999999974,101.80000000000031,0.0790015869465599
39.199999999999974,101.95000000000032,0.0790015869465599
39.199999999999974,102.10000000000032,0.07479402999280133
39.199999999999974,102.25000000000033,0.07479402999280133
39.199999999999974,102.40000000000033,0.07479402999280133
39.199999999999974,102.55000000000034,0.07696331753665568
39.199999999999974,102.70000000000034,0.07696331753665568
39.199999999999974,102.85000000000035,0.07696331753665568
39.199999999999974,103.00000000000036,0.07786160527866952
39.199999999999974,103.15000000000036,0.07786160527866952
39.199999999999974,103.30000000000037,0.07786160527866952
39.199999999999974,103.45000000000037,0.07786160527866952
39.34999999999997,93.7,0.028160460636894417
39.34999999999997,93.85000000000001,0.2594409469117614
39.34999999999997,94.00000000000001,0.27114137719337505
39.34999999999997,94.15000000000002,0.27114137719337505
39.34999999999997,94.30000000000003,0.27114137719337505
39.34999999999997,94.45000000000003,0.0398608909185081
39.34999999999997,94.60000000000004,0.035843183856334754
39.34999999999997,94.75000000000004,0.035843183856334754
39.34999999999997,94.90000000000005,0.26712367013120175
39.34999999999997,95.05000000000005,0.2663341199583947
39.34999999999997,95.20000000000006,0.2663341199583947
39.34999999999997,95.35000000000007,0.0350536336835277
39.34999999999997,95.50000000000007,0.03875462422376302
39.34999999999997,95.65000000000008,0.03875462422376302
39.34999999999997,95.80000000000008,0.03875462422376302
39.34999999999997,95.95000000000009,0.03875462422376302
39.34999999999997,96.1000000000001,0.036449691669051015
39.34999999999997,96.2500000000001,0.036449691669051015
39.34999999999997,96.4000000000001,0.036449691669051015
39.34999999999997,96.55000000000011,0.27035423509073186
39.34999999999997,96.70000000000012,0.03907374881586491
39.34999999999997,96.85000000000012,0.03907374881586491
39.34999999999997,97.00000000000013,0.27632926237281696
39.34999999999997,97.15000000000013,0.27632926237281696
39.34999999999997,97.30000000000014,0.27632926237281696
39.34999999999997,97.45000000000014,0.27632926237281696
39.34999999999997,97.60000000000015,0.04689564979807787
39.34999999999997,97.75000000000016,0.27817613607294484
39.34999999999997,97.90000000000016,0.27817613607294484
39.34999999999997,98.05000000000017,0.28087105881987534
39.34999999999997,98.20000000000017,0.04959057254500837
39.34999999999997,98.35000000000018,0.28087105881987534
39.34999999999997,98.50000000000018,0.28893912027486796
39.34999999999997,98.65000000000019,0.28893912027486796
39.34999999999997,98.8000000000002,0.28893912027486796
39.34999999999997,98.9500000000002,0.28893912027486796
39.34999999999997,99.10000000000021,0.06993774564031953
39.34999999999997,99.25000000000021,0.06993774564031953
39.34999999999997,99.40000000000022,0.06993774564031953
39.34999999999997,99.55000000000022,0.07224769996522035
39.34999999999997,99.70000000000023,0.07224769996522035
39.34999999999997,99.85000000000024,0.07224769996522035
39.34999999999997,100.00000000000024,0.07858308166943312
39.34999999999997,100.15000000000025,0.3098635679443001
39.34999999999997,100.30000000000025,0.07858308166943312
39.34999999999997,100.45000000000026,0.07858308166943312
39.34999999999997,100.60000000000026,0.06688439331257902
39.34999999999997,100.75000000000027,0.06688439331257902
39.34999999999997,100.90000000000028,0.06688439331257902
39.34999999999997,101.05000000000028,0.0755057392245835
39.34999999999997,101.20000000000029,0.0755057392245835
39.34999999999997,101.35000000000029,0.0755057392245835
39.34999999999997,101.5000000000003,0.0790015869465599
39.34999999999997,101.6500000000003,0.0790015869465599
39.34999999999997,101.80000000000031,0.0790015869465599
39.34999999999997,101.95000000000032,0.0790015869465599
39.34999999999997,102.10000000000032,0.07479402999280133
39.34999999999997,102.25000000000033,0.07479402999280133
39.34999999999997,102.40000000000033,0.07479402999280133
39.34999999999997,102.55000000000034,0.07696331753665568
39.34999999999997,102.70000000000034,0.07696331753665568
39.34999999999997,102.85000000000035,0.07696331753665568
39.34999999999997,103.00000000000036,0.07786160527866952
39.34999999999997,103.15000000000036,0.07786160527866952
39.34999999999997,103.30000000000037,0.07786160527866952
39.34999999999997,103.45000000000037,0.07786160527866952
39.49999999999997,93.7,0.06532648679985109
39.49999999999997,93.85000000000001,0.06532648679985109
39.49999999999997,94.00000000000001,0.06633830188028059
39.49999999999997,94.15000000000002,0.06633830188028059
39.49999999999997,94.30000000000003,0.06633830188028059
39.49999999999997,94.45000000000003,0.06633830188028059
39.49999999999997,94.60000000000004,0.061294999891627115
39.49999999999997,94.75000000000004,0.061294999891627115
39.49999999999997,94.90000000000005,0.061294999891627115
39.49999999999997,95.05000000000005,0.28072827524482646
39.49999999999997,95.20000000000006,0.04944778896995951
39.49999999999997,95.35000000000007,0.04944778896995951
39.49999999999997,95.50000000000007,0.04850832362854834
39.49999999999997,95.65000000000008,0.04850832362854834
39.49999999999997,95.80000000000008,0.04850832362854834
39.49999999999997,95.95000000000009,0.04850832362854834
39.49999999999997,96.1000000000001,0.04851461442554247
39.49999999999997,96.2500000000001,0.04851461442554247
39.49999999999997,96.4000000000001,0.04851461442554247
39.49999999999997,96.55000000000011,0.05365756545506487
39.49999999999997,96.70000000000012,0.05365756545506487
39.49999999999997,96.85000000000012,0.2849380517299318
39.49999999999997,97.00000000000013,0.2852950550771684
39.49999999999997,97.15000000000013,0.2852950550771684
39.49999999999997,97.30000000000014,0.2852950550771684
39.49999999999997,97.45000000000014,0.05401456880230144
39.49999999999997,97.60000000000015,0.2935602012969477
39.49999999999997,97.75000000000016,0.2935602012969477
39.49999999999997,97.90000000000016,0.2935602012969477
39.49999999999997,98.05000000000017,0.3048697989285098
39.49999999999997,98.20000000000017,0.3048697989285098
39.49999999999997,98.35000000000018,0.3048697989285098
39.49999999999997,98.50000000000018,0.31303619068339605
39.49999999999997,98.65000000000019,0.31303619068339605
39.49999999999997,98.8000000000002,0.08175570440852907
39.49999999999997,98.9500000000002,0.08175570440852907
39.49999999999997,99.10000000000021,0.07995818131019217
39.49999999999997,99.25000000000021,0.07995818131019217
39.49999999999997,99.40000000000022,0.07995818131019217
39.49999999999997,99.55000000000022,0.07393461542871345
39.49999999999997,99.70000000000023,0.3052151017035804
39.49999999999997,99.85000000000024,0.07393461542871345
39.49999999999997,100.00000000000024,0.07167337511049826
39.49999999999997,100.15000000000025,0.07167337511049826
39.49999999999997,100.30000000000025,0.07167337511049826
39.49999999999997,100.45000000000026,0.07167337511049826
39.49999999999997,100.60000000000026,0.07287460165739111
39.49999999999997,100.75000000000027,0.07287460165739111
39.49999999999997,100.90000000000028,0.07287460165739111
39.49999999999997,101.05000000000028,0.07536992306987023
39.49999999999997,101.20000000000029,0.07536992306987023
39.49999999999997,101.35000000000029,0.07536992306987023
39.49999999999997,101.5000000000003,0.0764567903511326
39.49999999999997,101.6500000000003,0.0764567903511326
39.49999999999997,101.80000000000031,0.0764567903511326
39.49999999999997,101.95000000000032,0.0764567903511326
39.49999999999997,102.10000000000032,0.07647444867708532
39.49999999999997,102.25000000000033,0.07647444867708532
39.49999999999997,102.40000000000033,0.07647444867708532
39.49999999999997,102.55000000000034,0.0730445870428254
39.49999999999997,102.70000000000034,0.0730445870428254
39.49999999999997,102.85000000000035,0.0730445870428254
39.49999999999997,103.00000000000036,0.07468221348795534
39.49999999999997,103.15000000000036,0.07468221348795534
39.49999999999997,103.30000000000037,0.07468221348795534
39.49999999999997,103.45000000000037,0.07468221348795534
39.64999999999997,93.7,0.06532648679985109
39.64999999999997,93.85000000000001,0.06532648679985109
39.64999999999997,94.00000000000001,0.06633830188028059
39.64999999999997,94.15000000000002,0.06633830188028059
39.64999999999997,94.30000000000003,0.06633830188028059
39.64999999999997,94.45000000000003,0.06633830188028059
39.64999999999997,94.60000000000004,0.061294999891627115
39.64999999999997,94.75000000000004,0.061294999891627115
39.64999999999997,94.90000000000005,0.061294999891627115
39.64999999999997,95.05000000000005,0.04944778896995951
39.64999999999997,95.20000000000006,0.28072827524482646
39.64999999999997,95.35000000000007,0.28072827524482646
39.64999999999997,95.50000000000007,0.04850832362854834
39.64999999999997,95.65000000000008,0.04850832362854834
39.64999999999997,95.80000000000008,0.2797888099034153
39.64999999999997,95.95000000000009,0.2797888099034153
39.64999999999997,96.1000000000001,0.27979510070040947
39.64999999999997,96.2500000000001,0.27979510070040947
39.64999999999997,96.4000000000001,0.27979510070040947
39.64999999999997,96.55000000000011,0.2849380517299318
39.64999999999997,96.70000000000012,0.2849380517299318
39.64999999999997,96.85000000000012,0.2849380517299318
39.64999999999997,97.00000000000013,0.2852950550771684
39.64999999999997,97.15000000000013,0.2852950550771684
39.64999999999997,97.30000000000014,0.2852950550771684
39.64999999999997,97.45000000000014,0.2852950550771684
39.64999999999997,97.60000000000015,0.2935602012969477
39.64999999999997,97.75000000000016,0.2935602012969477
39.64999999999997,97.90000000000016,0.2935602012969477
39.64999999999997,98.05000000000017,0.3048697989285098
39.64999999999997,98.20000000000017,0.07358931265364284
39.64999999999997,98.35000000000018,0.07358931265364284
39.64999999999997,98.50000000000018,0.08175570440852907
39.64999999999997,98.65000000000019,0.08175570440852907
39.64999999999997,98.8000000000002,0.08175570440852907
39.64999999999997,98.9500000000002,0.08175570440852907
39.64999999999997,99.10000000000021,0.07995818131019217
39.64999999999997,99.25000000000021,0.07995818131019217
39.64999999999997,99.40000000000022,0.07995818131019217
39.64999999999997,99.55000000000022,0.07393461542871345
39.64999999999997,99.70000000000023,0.07393461542871345
39.64999999999997,99.85000000000024,0.07393461542871345
39.64999999999997,100.00000000000024,0.07167337511049826
39.64999999999997,100.15000000000025,0.07167337511049826
39.64999999999997,100.30000000000025,0.07167337511049826
39.64999999999997,100.45000000000026,0.07167337511049826
39.64999999999997,100.60000000000026,0.07287460165739111
39.64999999999997,100.75000000000027,0.07287460165739111
39.64999999999997,100.90000000000028,0.07287460165739111
39.64999999999997,101.05000000000028,0.07536992306987023
39.64999999999997,101.20000000000029,0.07536992306987023
39.64999999999997,101.35000000000029,0.07536992306987023
39.64999999999997,101.5000000000003,0.0764567903511326
39.64999999999997,101.6500000000003,0.0764567903511326
39.64999999999997,101.80000000000031,0.0764567903511326
39.64999999999997,101.95000000000032,0.0764567903511326
39.64999999999997,102.10000000000032,0.07647444867708532
39.64999999999997,102.25000000000033,0.07647444867708532
39.64999999999997,102.40000000000033,0.07647444867708532
39.64999999999997,102.55000000000034,0.0730445870428254
39.64999999999997,102.70000000000034,0.0730445870428254
39.64999999999997,102.85000000000035,0.0730445870428254
39.64999999999997,103.00000000000036,0.07468221348795534
39.64999999999997,103.15000000000036,0.07468221348795534
39.64999999999997,103.30000000000037,0.07468221348795534
39.64999999999997,103.45000000000037,0.07468221348795534
39.79999999999997,93.7,0.06532648679985109
39.79999999999997,93.85000000000001,0.06532648679985109
39.79999999999997,94.00000000000001,0.06633830188028059
39.79999999999997,94.15000000000002,0.06633830188028059
39.79999999999997,94.30000000000003,0.06633830188028059
39.79999999999997,94.45000000000003,0.06633830188028059
39.79999999999997,94.60000000000004,0.061294999891627115
39.79999999999997,94.75000000000004,0.061294999891627115
39.79999999999997,94.90000000000005,0.061294999891627115
39.79999999999997,95.05000000000005,0.04944778896995951
39.79999999999997,95.20000000000006,0.04944778896995951
39.79999999999997,95.35000000000007,0.04944778896995951
39.79999999999997,95.50000000000007,0.2797888099034153
39.79999999999997,95.65000000000008,0.2797888099034153
39.79999999999997,95.80000000000008,0.04850832362854834
39.79999999999997,95.95000000000009,0.04850832362854834
39.79999999999997,96.1000000000001,0.04851461442554247
39.79999999999997,96.2500000000001,0.27979510070040947
39.79999999999997,96.4000000000001,0.04851461442554247
39.79999999999997,96.55000000000011,0.05365756545506487
39.79999999999997,96.70000000000012,0.05365756545506487
39.79999999999997,96.85000000000012,0.05365756545506487
39.79999999999997,97.00000000000013,0.2852950550771684
39.79999999999997,97.15000000000013,0.2852950550771684
39.79999999999997,97.30000000000014,0.2852950550771684
39.79999999999997,97.45000000000014,0.05401456880230144
39.79999999999997,97.60000000000015,0.06227971502208074
39.79999999999997,97.75000000000016,0.06227971502208074
39.79999999999997,97.90000000000016,0.06227971502208074
39.79999999999997,98.05000000000017,0.07358931265364284
39.79999999999997,98.20000000000017,0.07358931265364284
39.79999999999997,98.35000000000018,0.07358931265364284
39.79999999999997,98.50000000000018,0.08175570440852907
39.79999999999997,98.65000000000019,0.08175570440852907
39.79999999999997,98.8000000000002,0.08175570440852907
39.79999999999997,98.9500000000002,0.08175570440852907
39.79999999999997,99.10000000000021,0.07995818131019217
39.79999999999997,99.25000000000021,0.07995818131019217
39.79999999999997,99.40000000000022,0.07995818131019217
39.79999999999997,99.55000000000022,0.07393461542871345
39.79999999999997,99.70000000000023,0.07393461542871345
39.79999999999997,99.85000000000024,0.07393461542871345
39.79999999999997,100.00000000000024,0.07167337511049826
39.79999999999997,100.15000000000025,0.07167337511049826
39.79999999999997,100.30000000000025,0.07167337511049826
39.79999999999997,100.45000000000026,0.07167337511049826
39.79999999999997,100.60000000000026,0.07287460165739111
39.79999999999997,100.75000000000027,0.07287460165739111
39.79999999999997,100.90000000000028,0.07287460165739111
39.79999999999997,101.05000000000028,0.07536992306987023
39.79999999999997,101.20000000000029,0.07536992306987023
39.79999999999997,101.35000000000029,0.07536992306987023
39.79999999999997,101.5000000000003,0.0764567903511326
39.79999999999997,101.6500000000003,0.0764567903511326
39.79999999999997,101.80000000000031,0.0764567903511326
39.79999999999997,101.95000000000032,0.0764567903511326
39.79999999999997,102.10000000000032,0.07647444867708532
39.79999999999997,102.25000000000033,0.07647444867708532
39.79999999999997,102.40000000000033,0.07647444867708532
39.79999999999997,102.55000000000034,0.0730445870428254
39.79999999999997,102.70000000000034,0.0730445870428254
39.79999999999997,102.85000000000035,0.0730445870428254
39.79999999999997,103.00000000000036,0.07468221348795534
39.79999999999997,103.15000000000036,0.07468221348795534
39.79999999999997,103.30000000000037,0.07468221348795534
39.79999999999997,103.45000000000037,0.07468221348795534
39.94999999999997,93.7,0.06532648679985109
39.94999999999997,93.85000000000001,0.06532648679985109
39.94999999999997,94.00000000000001,0.06633830188028059
39.94999999999997,94.15000000000002,0.06633830188028059
39.94999999999997,94.30000000000003,0.06633830188028059
39.94999999999997,94.45000000000003,0.06633830188028059
39.94999999999997,94.60000000000004,0.061294999891627115
39.94999999999997,94.75000000000004,0.061294999891627115
39.94999999999997,94.90000000000005,0.061294999891627115
39.94999999999997,95.05000000000005,0.04944778896995951
39.94999999999997,95.20000000000006,0.04944778896995951
39.94999999999997,95.35000000000007,0.04944778896995951
39.94999999999997,95.50000000000007,0.04850832362854834
39.94999999999997,95.65000000000008,0.04850832362854834
39.94999999999997,95.80000000000008,0.04850832362854834
39.94999999999997,95.95000000000009,0.04850832362854834
39.94999999999997,96.1000000000001,0.04851461442554247
39.94999999999997,96.2500000000001,0.04851461442554247
39.94999999999997,96.4000000000001,0.04851461442554247
39.94999999999997,96.55000000000011,0.05365756545506487
39.94999999999997,96.70000000000012,0.05365756545506487
39.94999999999997,96.85000000000012,0.05365756545506487
39.94999999999997,97.00000000000013,0.2852950550771684
39.94999999999997,97.15000000000013,0.05401456880230144
39.94999999999997,97.30000000000014,0.05401456880230144
39.94999999999997,97.45000000000014,0.05401456880230144
39.94999999999997,97.60000000000015,0.06227971502208074
39.94999999999997,97.75000000000016,0.06227971502208074
39.94999999999997,97.90000000000016,0.06227971502208074
39.94999999999997,98.05000000000017,0.07358931265364284
39.94999999999997,98.20000000000017,0.07358931265364284
39.94999999999997,98.35000000000018,0.07358931265364284
39.94999999999997,98.50000000000018,0.08175570440852907
39.94999999999997,98.65000000000019,0.08175570440852907
39.94999999999997,98.8000000000002,0.08175570440852907
39.94999999999997,98.9500000000002,0.08175570440852907
39.94999999999997,99.10000000000021,0.07995818131019217
39.94999999999997,99.25000000000021,0.07995818131019217
39.94999999999997,99.40000000000022,0.07995818131019217
39.94999999999997,99.55000000000022,0.07393461542871345
39.94999999999997,99.70000000000023,0.07393461542871345
39.94999999999997,99.85000000000024,0.07393461542871345
39.94999999999997,100.00000000000024,0.07167337511049826
39.94999999999997,100.15000000000025,0.07167337511049826
39.94999999999997,100.30000000000025,0.07167337511049826
39.94999999999997,100.45000000000026,0.07167337511049826
39.94999999999997,100.60000000000026,0.07287460165739111
39.94999999999997,100.75000000000027,0.07287460165739111
39.94999999999997,100.90000000000028,0.07287460165739111
39.94999999999997,101.05000000000028,0.07536992306987023
39.94999999999997,101.20000000000029,0.07536992306987023
39.94999999999997,101.35000000000029,0.07536992306987023
39.94999999999997,101.5000000000003,0.0764567903511326
39.94999999999997,101.6500000000003,0.0764567903511326
39.94999999999997,101.80000000000031,0.0764567903511326
39.94999999999997,101.95000000000032,0.0764567903511326
39.94999999999997,102.10000000000032,0.07647444867708532
39.94999999999997,102.25000000000033,0.07647444867708532
39.94999999999997,102.40000000000033,0.07647444867708532
39.94999999999997,102.55000000000034,0.0730445870428254
39.94999999999997,102.70000000000034,0.0730445870428254
39.94999999999997,102.85000000000035,0.0730445870428254
39.94999999999997,103.00000000000036,0.07468221348795534
39.94999999999997,103.15000000000036,0.07468221348795534
39.94999999999997,103.30000000000037,0.07468221348795534
39.94999999999997,103.45000000000037,0.07468221348795534
40.099999999999966,93.7,0.07652290212322636
40.099999999999966,93.85000000000001,0.07652290212322636
40.099999999999966,94.00000000000001,0.0746392281480185
40.099999999999966,94.15000000000002,0.0746392281480185
40.099999999999966,94.30000000000003,0.0746392281480185
40.099999999999966,94.45000000000003,0.0746392281480185
40.099999999999966,94.60000000000004,0.07370164909690659
40.099999999999966,94.75000000000004,0.07370164909690659
40.099999999999966,94.90000000000005,0.07370164909690659
40.099999999999966,95.05000000000005,0.07118605763497002
40.099999999999966,95.20000000000006,0.07118605763497002
40.099999999999966,95.35000000000007,0.07118605763497002
40.099999999999966,95.50000000000007,0.06941271127556058
40.099999999999966,95.65000000000008,0.06941271127556058
40.099999999999966,95.80000000000008,0.06941271127556058
40.099999999999966,95.95000000000009,0.06941271127556058
40.099999999999966,96.1000000000001,0.06847868673327825
40.099999999999966,96.2500000000001,0.06847868673327825
40.099999999999966,96.4000000000001,0.06847868673327825
40.099999999999966,96.55000000000011,0.06726750963235775
40.099999999999966,96.70000000000012,0.06726750963235775
40.099999999999966,96.85000000000012,0.06726750963235775
40.099999999999966,97.00000000000013,0.07122836455419973
40.099999999999966,97.15000000000013,0.07122836455419973
40.099999999999966,97.30000000000014,0.07122836455419973
40.099999999999966,97.45000000000014,0.07122836455419973
40.099999999999966,97.60000000000015,0.07629632023420047
40.099999999999966,97.75000000000016,0.07629632023420047
40.099999999999966,97.90000000000016,0.07629632023420047
40.099999999999966,98.05000000000017,0.07858714656367206
40.099999999999966,98.20000000000017,0.07858714656367206
40.099999999999966,98.35000000000018,0.07858714656367206
40.099999999999966,98.50000000000018,0.07786081118321528
40.099999999999966,98.65000000000019,0.07786081118321528
40.099999999999966,98.8000000000002,0.07786081118321528
40.099999999999966,98.9500000000002,0.07786081118321528
40.099999999999966,99.10000000000021,0.07684124717368523
40.099999999999966,99.25000000000021,0.07684124717368523
40.099999999999966,99.40000000000022,0.07684124717368523
40.099999999999966,99.55000000000022,0.07545716332953391
40.099999999999966,99.70000000000023,0.07545716332953391
40.099999999999966,99.85000000000024,0.07545716332953391
40.099999999999966,100.00000000000024,0.0728676944405705
40.099999999999966,100.15000000000025,0.0728676944405705
40.099999999999966,100.30000000000025,0.0728676944405705
40.099999999999966,100.45000000000026,0.0728676944405705
40.099999999999966,100.60000000000026,0.07241833068105367
40.099999999999966,100.75000000000027,0.07241833068105367
40.099999999999966,100.90000000000028,0.07241833068105367
40.099999999999966,101.05000000000028,0.07369958798243756
40.099999999999966,101.20000000000029,0.07369958798243756
40.099999999999966,101.35000000000029,0.07369958798243756
40.099999999999966,101.5000000000003,0.07383260450324931
40.099999999999966,101.6500000000003,0.07383260450324931
40.099999999999966,101.80000000000031,0.07383260450324931
40.099999999999966,101.95000000000032,0.07383260450324931
40.099999999999966,102.10000000000032,0.07299740255267347
40.099999999999966,102.25000000000033,0.07299740255267347
40.099999999999966,102.40000000000033,0.07299740255267347
40.099999999999966,102.55000000000034,0.07202802091164473
40.099999999999966,102.70000000000034,0.07202802091164473
40.099999999999966,102.85000000000035,0.07202802091164473
40.099999999999966,103.00000000000036,0.0721372507872105
40.099999999999966,103.15000000000036,0.0721372507872105
40.099999999999966,103.30000000000037,0.0721372507872105
40.099999999999966,103.45000000000037,0.0721372507872105
40.249999999999964,93.7,0.07652290212322636
40.249999999999964,93.85000000000001,0.07652290212322636
40.249999999999964,94.00000000000001,0.0746392281480185
40.249999999999964,94.15000000000002,0.0746392281480185
40.249999999999964,94.30000000000003,0.0746392281480185
40.249999999999964,94.45000000000003,0.0746392281480185
40.249999999999964,94.60000000000004,0.30498213537177354
40.249999999999964,94.75000000000004,0.07370164909690659
40.249999999999964,94.90000000000005,0.07370164909690659
40.249999999999964,95.05000000000005,0.07118605763497002
40.249999999999964,95.20000000000006,0.07118605763497002
40.249999999999964,95.35000000000007,0.07118605763497002
40.249999999999964,95.50000000000007,0.06941271127556058
40.249999999999964,95.65000000000008,0.06941271127556058
40.249999999999964,95.80000000000008,0.06941271127556058
40.249999999999964,95.95000000000009,0.06941271127556058
40.249999999999964,96.1000000000001,0.29975917300814525
40.249999999999964,96.2500000000001,0.06847868673327825
40.249999999999964,96.4000000000001,0.06847868673327825
40.249999999999964,96.55000000000011,0.06726750963235775
40.249999999999964,96.70000000000012,0.06726750963235775
40.249999999999964,96.85000000000012,0.06726750963235775
40.249999999999964,97.00000000000013,0.07122836455419973
40.249999999999964,97.15000000000013,0.07122836455419973
40.249999999999964,97.30000000000014,0.07122836455419973
40.249999999999964,97.45000000000014,0.07122836455419973
40.249999999999964,97.60000000000015,0.07629632023420047
40.249999999999964,97.75000000000016,0.07629632023420047
40.249999999999964,97.90000000000016,0.07629632023420047
40.249999999999964,98.05000000000017,0.07858714656367206
40.249999999999964,98.20000000000017,0.07858714656367206
40.249999999999964,98.35000000000018,0.07858714656367206
40.249999999999964,98.50000000000018,0.07786081118321528
40.249999999999964,98.65000000000019,0.07786081118321528
40.249999999999964,98.8000000000002,0.3091412974580823
40.249999999999964,98.9500000000002,0.3091412974580823
40.249999999999964,99.10000000000021,0.07684124717368523
40.249999999999964,99.25000000000021,0.07684124717368523
40.249999999999964,99.40000000000022,0.07684124717368523
40.249999999999964,99.55000000000022,0.07545716332953391
40.249999999999964,99.70000000000023,0.07545716332953391
40.249999999999964,99.85000000000024,0.07545716332953391
40.249999999999964,100.00000000000024,0.0728676944405705
40.249999999999964,100.15000000000025,0.0728676944405705
40.249999999999964,100.30000000000025,0.0728676944405705
40.249999999999964,100.45000000000026,0.0728676944405705
40.249999999999964,100.60000000000026,0.07241833068105367
40.249999999999964,100.75000000000027,0.07241833068105367
40.249999999999964,100.90000000000028,0.07241833068105367
40.249999999999964,101.05000000000028,0.07369958798243756
40.249999999999964,101.20000000000029,0.07369958798243756
40.249999999999964,101.35000000000029,0.07369958798243756
40.249999999999964,101.5000000000003,0.07383260450324931
40.249999999999964,101.6500000000003,0.07383260450324931
40.249999999999964,101.80000000000031,0.07383260450324931
40.249999999999964,101.95000000000032,0.07383260450324931
40.249999999999964,102.10000000000032,0.07299740255267347
40.249999999999964,102.25000000000033,0.07299740255267347
40.249999999999964,102.40000000000033,0.07299740255267347
40.249999999999964,102.55000000000034,0.07202802091164473
40.249999999999964,102.70000000000034,0.07202802091164473
40.249999999999964,102.85000000000035,0.07202802091164473
40.249999999999964,103.00000000000036,0.0721372507872105
40.249999999999964,103.15000000000036,0.0721372507872105
40.249999999999964,103.30000000000037,0.0721372507872105
40.249999999999964,103.45000000000037,0.0721372507872105
40.39999999999996,93.7,0.07652290212322636
40.39999999999996,93.85000000000001,0.07652290212322636
40.39999999999996,94.00000000000001,0.0746392281480185
40.39999999999996,94.15000000000002,0.0746392281480185
40.39999999999996,94.30000000000003,0.0746392281480185
40.39999999999996,94.45000000000003,0.0746392281480185
40.39999999999996,94.60000000000004,0.07370164909690659
40.39999999999996,94.75000000000004,0.07370164909690659
40.39999999999996,94.90000000000005,0.07370164909690659
40.39999999999996,95.05000000000005,0.07118605763497002
40.39999999999996,95.20000000000006,0.07118605763497002
40.39999999999996,95.35000000000007,0.07118605763497002
40.39999999999996,95.50000000000007,0.06941271127556058
40.39999999999996,95.65000000000008,0.06941271127556058
40.39999999999996,95.80000000000008,0.06941271127556058
40.39999999999996,95.95000000000009,0.06941271127556058
40.39999999999996,96.1000000000001,0.06847868673327825
40.39999999999996,96.2500000000001,0.29975917300814525
40.39999999999996,96.4000000000001,0.06847868673327825
40.39999999999996,96.55000000000011,0.06726750963235775
40.39999999999996,96.70000000000012,0.06726750963235775
40.39999999999996,96.85000000000012,0.06726750963235775
40.39999999999996,97.00000000000013,0.07122836455419973
40.39999999999996,97.15000000000013,0.07122836455419973
40.39999999999996,97.30000000000014,0.07122836455419973
40.39999999999996,97.45000000000014,0.07122836455419973
40.39999999999996,97.60000000000015,0.30757680650906744
40.39999999999996,97.75000000000016,0.07629632023420047
40.39999999999996,97.90000000000016,0.07629632023420047
40.39999999999996,98.05000000000017,0.07858714656367206
40.39999999999996,98.20000000000017,0.07858714656367206
40.39999999999996,98.35000000000018,0.07858714656367206
40.39999999999996,98.50000000000018,0.07786081118321528
40.39999999999996,98.65000000000019,0.07786081118321528
40.39999999999996,98.8000000000002,0.07786081118321528
40.39999999999996,98.9500000000002,0.07786081118321528
40.39999999999996,99.10000000000021,0.07684124717368523
40.39999999999996,99.25000000000021,0.07684124717368523
40.39999999999996,99.40000000000022,0.07684124717368523
40.39999999999996,99.55000000000022,0.07545716332953391
40.39999999999996,99.70000000000023,0.07545716332953391
40.39999999999996,99.85000000000024,0.07545716332953391
40.39999999999996,100.00000000000024,0.0728676944405705
40.39999999999996,100.15000000000025,0.0728676944405705
40.39999999999996,100.30000000000025,0.0728676944405705
40.39999999999996,100.45000000000026,0.0728676944405705
40.39999999999996,100.60000000000026,0.07241833068105367
40.39999999999996,100.75000000000027,0.07241833068105367
40.39999999999996,100.90000000000028,0.07241833068105367
40.39999999999996,101.05000000000028,0.07369958798243756
40.39999999999996,101.20000000000029,0.07369958798243756
40.39999999999996,101.35000000000029,0.07369958798243756
40.39999999999996,101.5000000000003,0.07383260450324931
40.39999999999996,101.6500000000003,0.07383260450324931
40.39999999999996,101.80000000000031,0.07383260450324931
40.39999999999996,101.95000000000032,0.07383260450324931
40.39999999999996,102.10000000000032,0.07299740255267347
40.39999999999996,102.25000000000033,0.07299740255267347
40.39999999999996,102.40000000000033,0.07299740255267347
40.39999999999996,102.55000000000034,0.07202802091164473
40.39999999999996,102.70000000000034,0.07202802091164473
40.39999999999996,102.85000000000035,0.07202802091164473
40.39999999999996,103.00000000000036,0.0721372507872105
40.39999999999996,103.15000000000036,0.0721372507872105
40.39999999999996,103.30000000000037,0.0721372507872105
40.39999999999996,103.45000000000037,0.0721372507872105
